Added Component: Designator=BS1A(RES_1206)
Add component (AddParameter): Name = "MF"; Value = "Laird"; VariantName = "[No Variations]"
Add component (AddParameter): Name = "MFN"; Value = "HI1206T500R-10"; VariantName = "[No Variations]"
Add component (AddParameter): Name = "Package"; Value = "1206"; VariantName = "[No Variations]"
Add component (AddParameter): Name = "Supplier 1"; Value = "Mouser"; VariantName = "[No Variations]"
Add component (AddParameter): Name = "Supplier 2"; Value = "Digi-Key"; VariantName = "[No Variations]"
Add component (AddParameter): Name = "Supplier Part Number 1"; Value = "875-HI1206T500R-10"; VariantName = "[No Variations]"
Add component (AddParameter): Name = "Supplier Part Number 2"; Value = "240-2412-1-ND"; VariantName = "[No Variations]"
Added Component: Designator=BS1B(RES_1206)
Add component (AddParameter): Name = "MF"; Value = "Laird"; VariantName = "[No Variations]"
Add component (AddParameter): Name = "MFN"; Value = "HI1206T500R-10"; VariantName = "[No Variations]"
Add component (AddParameter): Name = "Package"; Value = "1206"; VariantName = "[No Variations]"
Add component (AddParameter): Name = "Supplier 1"; Value = "Mouser"; VariantName = "[No Variations]"
Add component (AddParameter): Name = "Supplier 2"; Value = "Digi-Key"; VariantName = "[No Variations]"
Add component (AddParameter): Name = "Supplier Part Number 1"; Value = "875-HI1206T500R-10"; VariantName = "[No Variations]"
Add component (AddParameter): Name = "Supplier Part Number 2"; Value = "240-2412-1-ND"; VariantName = "[No Variations]"
Added Component: Designator=BS1C(RES_1206)
Add component (AddParameter): Name = "MF"; Value = "Laird"; VariantName = "[No Variations]"
Add component (AddParameter): Name = "MFN"; Value = "HI1206T500R-10"; VariantName = "[No Variations]"
Add component (AddParameter): Name = "Package"; Value = "1206"; VariantName = "[No Variations]"
Add component (AddParameter): Name = "Supplier 1"; Value = "Mouser"; VariantName = "[No Variations]"
Add component (AddParameter): Name = "Supplier 2"; Value = "Digi-Key"; VariantName = "[No Variations]"
Add component (AddParameter): Name = "Supplier Part Number 1"; Value = "875-HI1206T500R-10"; VariantName = "[No Variations]"
Add component (AddParameter): Name = "Supplier Part Number 2"; Value = "240-2412-1-ND"; VariantName = "[No Variations]"
Added Component: Designator=BS2A(RES_1206)
Add component (AddParameter): Name = "MF"; Value = "Laird"; VariantName = "[No Variations]"
Add component (AddParameter): Name = "MFN"; Value = "HI1206T500R-10"; VariantName = "[No Variations]"
Add component (AddParameter): Name = "Package"; Value = "1206"; VariantName = "[No Variations]"
Add component (AddParameter): Name = "Supplier 1"; Value = "Mouser"; VariantName = "[No Variations]"
Add component (AddParameter): Name = "Supplier 2"; Value = "Digi-Key"; VariantName = "[No Variations]"
Add component (AddParameter): Name = "Supplier Part Number 1"; Value = "875-HI1206T500R-10"; VariantName = "[No Variations]"
Add component (AddParameter): Name = "Supplier Part Number 2"; Value = "240-2412-1-ND"; VariantName = "[No Variations]"
Added Component: Designator=BS2B(RES_1206)
Add component (AddParameter): Name = "MF"; Value = "Laird"; VariantName = "[No Variations]"
Add component (AddParameter): Name = "MFN"; Value = "HI1206T500R-10"; VariantName = "[No Variations]"
Add component (AddParameter): Name = "Package"; Value = "1206"; VariantName = "[No Variations]"
Add component (AddParameter): Name = "Supplier 1"; Value = "Mouser"; VariantName = "[No Variations]"
Add component (AddParameter): Name = "Supplier 2"; Value = "Digi-Key"; VariantName = "[No Variations]"
Add component (AddParameter): Name = "Supplier Part Number 1"; Value = "875-HI1206T500R-10"; VariantName = "[No Variations]"
Add component (AddParameter): Name = "Supplier Part Number 2"; Value = "240-2412-1-ND"; VariantName = "[No Variations]"
Added Component: Designator=BS2C(RES_1206)
Add component (AddParameter): Name = "MF"; Value = "Laird"; VariantName = "[No Variations]"
Add component (AddParameter): Name = "MFN"; Value = "HI1206T500R-10"; VariantName = "[No Variations]"
Add component (AddParameter): Name = "Package"; Value = "1206"; VariantName = "[No Variations]"
Add component (AddParameter): Name = "Supplier 1"; Value = "Mouser"; VariantName = "[No Variations]"
Add component (AddParameter): Name = "Supplier 2"; Value = "Digi-Key"; VariantName = "[No Variations]"
Add component (AddParameter): Name = "Supplier Part Number 1"; Value = "875-HI1206T500R-10"; VariantName = "[No Variations]"
Add component (AddParameter): Name = "Supplier Part Number 2"; Value = "240-2412-1-ND"; VariantName = "[No Variations]"
Added Component: Designator=C1A(CAPC1608X07N)
Add component (AddParameter): Name = "MF"; Value = ""; VariantName = "[No Variations]"
Add component (AddParameter): Name = "MPN"; Value = ""; VariantName = "[No Variations]"
Add component (AddParameter): Name = "Supplier 1"; Value = ""; VariantName = "[No Variations]"
Add component (AddParameter): Name = "Supplier 2"; Value = ""; VariantName = "[No Variations]"
Add component (AddParameter): Name = "Supplier Part Number 1"; Value = ""; VariantName = "[No Variations]"
Add component (AddParameter): Name = "Supplier Part Number 2"; Value = ""; VariantName = "[No Variations]"
Add component (AddParameter): Name = "Value"; Value = "4.7uF"; VariantName = "[No Variations]"
Add component (AddParameter): Name = "Voltage"; Value = "25V"; VariantName = "[No Variations]"
Added Component: Designator=C1B(CAPC1608X07N)
Add component (AddParameter): Name = "MF"; Value = ""; VariantName = "[No Variations]"
Add component (AddParameter): Name = "MPN"; Value = ""; VariantName = "[No Variations]"
Add component (AddParameter): Name = "Supplier 1"; Value = ""; VariantName = "[No Variations]"
Add component (AddParameter): Name = "Supplier 2"; Value = ""; VariantName = "[No Variations]"
Add component (AddParameter): Name = "Supplier Part Number 1"; Value = ""; VariantName = "[No Variations]"
Add component (AddParameter): Name = "Supplier Part Number 2"; Value = ""; VariantName = "[No Variations]"
Add component (AddParameter): Name = "Value"; Value = "4.7uF"; VariantName = "[No Variations]"
Add component (AddParameter): Name = "Voltage"; Value = "25V"; VariantName = "[No Variations]"
Added Component: Designator=C1C(CAPC1608X07N)
Add component (AddParameter): Name = "MF"; Value = ""; VariantName = "[No Variations]"
Add component (AddParameter): Name = "MPN"; Value = ""; VariantName = "[No Variations]"
Add component (AddParameter): Name = "Supplier 1"; Value = ""; VariantName = "[No Variations]"
Add component (AddParameter): Name = "Supplier 2"; Value = ""; VariantName = "[No Variations]"
Add component (AddParameter): Name = "Supplier Part Number 1"; Value = ""; VariantName = "[No Variations]"
Add component (AddParameter): Name = "Supplier Part Number 2"; Value = ""; VariantName = "[No Variations]"
Add component (AddParameter): Name = "Value"; Value = "4.7uF"; VariantName = "[No Variations]"
Add component (AddParameter): Name = "Voltage"; Value = "25V"; VariantName = "[No Variations]"
Added Component: Designator=C2A(CAPC1608X07N)
Add component (AddParameter): Name = "MF"; Value = "Würth"; VariantName = "[No Variations]"
Add component (AddParameter): Name = "MPN"; Value = "885012206065"; VariantName = "[No Variations]"
Add component (AddParameter): Name = "Supplier 1"; Value = "Mouser"; VariantName = "[No Variations]"
Add component (AddParameter): Name = "Supplier 2"; Value = ""; VariantName = "[No Variations]"
Add component (AddParameter): Name = "Supplier Part Number 1"; Value = "710-885012206065"; VariantName = "[No Variations]"
Add component (AddParameter): Name = "Supplier Part Number 2"; Value = ""; VariantName = "[No Variations]"
Add component (AddParameter): Name = "Value"; Value = "10nF"; VariantName = "[No Variations]"
Add component (AddParameter): Name = "Voltage"; Value = "25V"; VariantName = "[No Variations]"
Added Component: Designator=C2B(CAPC1608X07N)
Add component (AddParameter): Name = "MF"; Value = "Würth"; VariantName = "[No Variations]"
Add component (AddParameter): Name = "MPN"; Value = "885012206065"; VariantName = "[No Variations]"
Add component (AddParameter): Name = "Supplier 1"; Value = "Mouser"; VariantName = "[No Variations]"
Add component (AddParameter): Name = "Supplier 2"; Value = ""; VariantName = "[No Variations]"
Add component (AddParameter): Name = "Supplier Part Number 1"; Value = "710-885012206065"; VariantName = "[No Variations]"
Add component (AddParameter): Name = "Supplier Part Number 2"; Value = ""; VariantName = "[No Variations]"
Add component (AddParameter): Name = "Value"; Value = "10nF"; VariantName = "[No Variations]"
Add component (AddParameter): Name = "Voltage"; Value = "25V"; VariantName = "[No Variations]"
Added Component: Designator=C2C(CAPC1608X07N)
Add component (AddParameter): Name = "MF"; Value = "Würth"; VariantName = "[No Variations]"
Add component (AddParameter): Name = "MPN"; Value = "885012206065"; VariantName = "[No Variations]"
Add component (AddParameter): Name = "Supplier 1"; Value = "Mouser"; VariantName = "[No Variations]"
Add component (AddParameter): Name = "Supplier 2"; Value = ""; VariantName = "[No Variations]"
Add component (AddParameter): Name = "Supplier Part Number 1"; Value = "710-885012206065"; VariantName = "[No Variations]"
Add component (AddParameter): Name = "Supplier Part Number 2"; Value = ""; VariantName = "[No Variations]"
Add component (AddParameter): Name = "Value"; Value = "10nF"; VariantName = "[No Variations]"
Add component (AddParameter): Name = "Voltage"; Value = "25V"; VariantName = "[No Variations]"
Added Component: Designator=C3A(CAPC1608X07N)
Add component (AddParameter): Name = "MF"; Value = ""; VariantName = "[No Variations]"
Add component (AddParameter): Name = "MPN"; Value = ""; VariantName = "[No Variations]"
Add component (AddParameter): Name = "Supplier 1"; Value = ""; VariantName = "[No Variations]"
Add component (AddParameter): Name = "Supplier 2"; Value = ""; VariantName = "[No Variations]"
Add component (AddParameter): Name = "Supplier Part Number 1"; Value = ""; VariantName = "[No Variations]"
Add component (AddParameter): Name = "Supplier Part Number 2"; Value = ""; VariantName = "[No Variations]"
Add component (AddParameter): Name = "Value"; Value = "20pF"; VariantName = "[No Variations]"
Add component (AddParameter): Name = "Voltage"; Value = "50V"; VariantName = "[No Variations]"
Added Component: Designator=C3B(CAPC1608X07N)
Add component (AddParameter): Name = "MF"; Value = ""; VariantName = "[No Variations]"
Add component (AddParameter): Name = "MPN"; Value = ""; VariantName = "[No Variations]"
Add component (AddParameter): Name = "Supplier 1"; Value = ""; VariantName = "[No Variations]"
Add component (AddParameter): Name = "Supplier 2"; Value = ""; VariantName = "[No Variations]"
Add component (AddParameter): Name = "Supplier Part Number 1"; Value = ""; VariantName = "[No Variations]"
Add component (AddParameter): Name = "Supplier Part Number 2"; Value = ""; VariantName = "[No Variations]"
Add component (AddParameter): Name = "Value"; Value = "20pF"; VariantName = "[No Variations]"
Add component (AddParameter): Name = "Voltage"; Value = "50V"; VariantName = "[No Variations]"
Added Component: Designator=C3C(CAPC1608X07N)
Add component (AddParameter): Name = "MF"; Value = ""; VariantName = "[No Variations]"
Add component (AddParameter): Name = "MPN"; Value = ""; VariantName = "[No Variations]"
Add component (AddParameter): Name = "Supplier 1"; Value = ""; VariantName = "[No Variations]"
Add component (AddParameter): Name = "Supplier 2"; Value = ""; VariantName = "[No Variations]"
Add component (AddParameter): Name = "Supplier Part Number 1"; Value = ""; VariantName = "[No Variations]"
Add component (AddParameter): Name = "Supplier Part Number 2"; Value = ""; VariantName = "[No Variations]"
Add component (AddParameter): Name = "Value"; Value = "20pF"; VariantName = "[No Variations]"
Add component (AddParameter): Name = "Voltage"; Value = "50V"; VariantName = "[No Variations]"
Added Component: Designator=C4A(CAPC1608X07N)
Add component (AddParameter): Name = "MF"; Value = ""; VariantName = "[No Variations]"
Add component (AddParameter): Name = "MPN"; Value = ""; VariantName = "[No Variations]"
Add component (AddParameter): Name = "Supplier 1"; Value = ""; VariantName = "[No Variations]"
Add component (AddParameter): Name = "Supplier 2"; Value = ""; VariantName = "[No Variations]"
Add component (AddParameter): Name = "Supplier Part Number 1"; Value = ""; VariantName = "[No Variations]"
Add component (AddParameter): Name = "Supplier Part Number 2"; Value = ""; VariantName = "[No Variations]"
Add component (AddParameter): Name = "Value"; Value = "20pF"; VariantName = "[No Variations]"
Add component (AddParameter): Name = "Voltage"; Value = "50V"; VariantName = "[No Variations]"
Added Component: Designator=C4B(CAPC1608X07N)
Add component (AddParameter): Name = "MF"; Value = ""; VariantName = "[No Variations]"
Add component (AddParameter): Name = "MPN"; Value = ""; VariantName = "[No Variations]"
Add component (AddParameter): Name = "Supplier 1"; Value = ""; VariantName = "[No Variations]"
Add component (AddParameter): Name = "Supplier 2"; Value = ""; VariantName = "[No Variations]"
Add component (AddParameter): Name = "Supplier Part Number 1"; Value = ""; VariantName = "[No Variations]"
Add component (AddParameter): Name = "Supplier Part Number 2"; Value = ""; VariantName = "[No Variations]"
Add component (AddParameter): Name = "Value"; Value = "20pF"; VariantName = "[No Variations]"
Add component (AddParameter): Name = "Voltage"; Value = "50V"; VariantName = "[No Variations]"
Added Component: Designator=C4C(CAPC1608X07N)
Add component (AddParameter): Name = "MF"; Value = ""; VariantName = "[No Variations]"
Add component (AddParameter): Name = "MPN"; Value = ""; VariantName = "[No Variations]"
Add component (AddParameter): Name = "Supplier 1"; Value = ""; VariantName = "[No Variations]"
Add component (AddParameter): Name = "Supplier 2"; Value = ""; VariantName = "[No Variations]"
Add component (AddParameter): Name = "Supplier Part Number 1"; Value = ""; VariantName = "[No Variations]"
Add component (AddParameter): Name = "Supplier Part Number 2"; Value = ""; VariantName = "[No Variations]"
Add component (AddParameter): Name = "Value"; Value = "20pF"; VariantName = "[No Variations]"
Add component (AddParameter): Name = "Voltage"; Value = "50V"; VariantName = "[No Variations]"
Added Component: Designator=C5A(CAPC1608X07N)
Add component (AddParameter): Name = "MF"; Value = "Taiyo Yuden"; VariantName = "[No Variations]"
Add component (AddParameter): Name = "MPN"; Value = "JMK107ABJ106KA-T"; VariantName = "[No Variations]"
Add component (AddParameter): Name = "Supplier 1"; Value = "Mouser"; VariantName = "[No Variations]"
Add component (AddParameter): Name = "Supplier 2"; Value = ""; VariantName = "[No Variations]"
Add component (AddParameter): Name = "Supplier Part Number 1"; Value = "963-JMK107ABJ106KA-T"; VariantName = "[No Variations]"
Add component (AddParameter): Name = "Supplier Part Number 2"; Value = ""; VariantName = "[No Variations]"
Add component (AddParameter): Name = "Value"; Value = "10uF"; VariantName = "[No Variations]"
Add component (AddParameter): Name = "Voltage"; Value = "6.3V"; VariantName = "[No Variations]"
Added Component: Designator=C5B(CAPC1608X07N)
Add component (AddParameter): Name = "MF"; Value = "Taiyo Yuden"; VariantName = "[No Variations]"
Add component (AddParameter): Name = "MPN"; Value = "JMK107ABJ106KA-T"; VariantName = "[No Variations]"
Add component (AddParameter): Name = "Supplier 1"; Value = "Mouser"; VariantName = "[No Variations]"
Add component (AddParameter): Name = "Supplier 2"; Value = ""; VariantName = "[No Variations]"
Add component (AddParameter): Name = "Supplier Part Number 1"; Value = "963-JMK107ABJ106KA-T"; VariantName = "[No Variations]"
Add component (AddParameter): Name = "Supplier Part Number 2"; Value = ""; VariantName = "[No Variations]"
Add component (AddParameter): Name = "Value"; Value = "10uF"; VariantName = "[No Variations]"
Add component (AddParameter): Name = "Voltage"; Value = "6.3V"; VariantName = "[No Variations]"
Added Component: Designator=C5C(CAPC1608X07N)
Add component (AddParameter): Name = "MF"; Value = "Taiyo Yuden"; VariantName = "[No Variations]"
Add component (AddParameter): Name = "MPN"; Value = "JMK107ABJ106KA-T"; VariantName = "[No Variations]"
Add component (AddParameter): Name = "Supplier 1"; Value = "Mouser"; VariantName = "[No Variations]"
Add component (AddParameter): Name = "Supplier 2"; Value = ""; VariantName = "[No Variations]"
Add component (AddParameter): Name = "Supplier Part Number 1"; Value = "963-JMK107ABJ106KA-T"; VariantName = "[No Variations]"
Add component (AddParameter): Name = "Supplier Part Number 2"; Value = ""; VariantName = "[No Variations]"
Add component (AddParameter): Name = "Value"; Value = "10uF"; VariantName = "[No Variations]"
Add component (AddParameter): Name = "Voltage"; Value = "6.3V"; VariantName = "[No Variations]"
Added Component: Designator=C6A(CAPC1608X07N)
Add component (AddParameter): Name = "MF"; Value = "Würth"; VariantName = "[No Variations]"
Add component (AddParameter): Name = "MPN"; Value = "885012206065"; VariantName = "[No Variations]"
Add component (AddParameter): Name = "Supplier 1"; Value = "Mouser"; VariantName = "[No Variations]"
Add component (AddParameter): Name = "Supplier 2"; Value = ""; VariantName = "[No Variations]"
Add component (AddParameter): Name = "Supplier Part Number 1"; Value = "710-885012206065"; VariantName = "[No Variations]"
Add component (AddParameter): Name = "Supplier Part Number 2"; Value = ""; VariantName = "[No Variations]"
Add component (AddParameter): Name = "Value"; Value = "10nF"; VariantName = "[No Variations]"
Add component (AddParameter): Name = "Voltage"; Value = "25V"; VariantName = "[No Variations]"
Added Component: Designator=C6B(CAPC1608X07N)
Add component (AddParameter): Name = "MF"; Value = "Würth"; VariantName = "[No Variations]"
Add component (AddParameter): Name = "MPN"; Value = "885012206065"; VariantName = "[No Variations]"
Add component (AddParameter): Name = "Supplier 1"; Value = "Mouser"; VariantName = "[No Variations]"
Add component (AddParameter): Name = "Supplier 2"; Value = ""; VariantName = "[No Variations]"
Add component (AddParameter): Name = "Supplier Part Number 1"; Value = "710-885012206065"; VariantName = "[No Variations]"
Add component (AddParameter): Name = "Supplier Part Number 2"; Value = ""; VariantName = "[No Variations]"
Add component (AddParameter): Name = "Value"; Value = "10nF"; VariantName = "[No Variations]"
Add component (AddParameter): Name = "Voltage"; Value = "25V"; VariantName = "[No Variations]"
Added Component: Designator=C6C(CAPC1608X07N)
Add component (AddParameter): Name = "MF"; Value = "Würth"; VariantName = "[No Variations]"
Add component (AddParameter): Name = "MPN"; Value = "885012206065"; VariantName = "[No Variations]"
Add component (AddParameter): Name = "Supplier 1"; Value = "Mouser"; VariantName = "[No Variations]"
Add component (AddParameter): Name = "Supplier 2"; Value = ""; VariantName = "[No Variations]"
Add component (AddParameter): Name = "Supplier Part Number 1"; Value = "710-885012206065"; VariantName = "[No Variations]"
Add component (AddParameter): Name = "Supplier Part Number 2"; Value = ""; VariantName = "[No Variations]"
Add component (AddParameter): Name = "Value"; Value = "10nF"; VariantName = "[No Variations]"
Add component (AddParameter): Name = "Voltage"; Value = "25V"; VariantName = "[No Variations]"
Added Component: Designator=C7A(CAPC1608X07N)
Add component (AddParameter): Name = "MF"; Value = "Würth"; VariantName = "[No Variations]"
Add component (AddParameter): Name = "MPN"; Value = "885012206065"; VariantName = "[No Variations]"
Add component (AddParameter): Name = "Supplier 1"; Value = "Mouser"; VariantName = "[No Variations]"
Add component (AddParameter): Name = "Supplier 2"; Value = ""; VariantName = "[No Variations]"
Add component (AddParameter): Name = "Supplier Part Number 1"; Value = "710-885012206065"; VariantName = "[No Variations]"
Add component (AddParameter): Name = "Supplier Part Number 2"; Value = ""; VariantName = "[No Variations]"
Add component (AddParameter): Name = "Value"; Value = "10nF"; VariantName = "[No Variations]"
Add component (AddParameter): Name = "Voltage"; Value = "25V"; VariantName = "[No Variations]"
Added Component: Designator=C7B(CAPC1608X07N)
Add component (AddParameter): Name = "MF"; Value = "Würth"; VariantName = "[No Variations]"
Add component (AddParameter): Name = "MPN"; Value = "885012206065"; VariantName = "[No Variations]"
Add component (AddParameter): Name = "Supplier 1"; Value = "Mouser"; VariantName = "[No Variations]"
Add component (AddParameter): Name = "Supplier 2"; Value = ""; VariantName = "[No Variations]"
Add component (AddParameter): Name = "Supplier Part Number 1"; Value = "710-885012206065"; VariantName = "[No Variations]"
Add component (AddParameter): Name = "Supplier Part Number 2"; Value = ""; VariantName = "[No Variations]"
Add component (AddParameter): Name = "Value"; Value = "10nF"; VariantName = "[No Variations]"
Add component (AddParameter): Name = "Voltage"; Value = "25V"; VariantName = "[No Variations]"
Added Component: Designator=C7C(CAPC1608X07N)
Add component (AddParameter): Name = "MF"; Value = "Würth"; VariantName = "[No Variations]"
Add component (AddParameter): Name = "MPN"; Value = "885012206065"; VariantName = "[No Variations]"
Add component (AddParameter): Name = "Supplier 1"; Value = "Mouser"; VariantName = "[No Variations]"
Add component (AddParameter): Name = "Supplier 2"; Value = ""; VariantName = "[No Variations]"
Add component (AddParameter): Name = "Supplier Part Number 1"; Value = "710-885012206065"; VariantName = "[No Variations]"
Add component (AddParameter): Name = "Supplier Part Number 2"; Value = ""; VariantName = "[No Variations]"
Add component (AddParameter): Name = "Value"; Value = "10nF"; VariantName = "[No Variations]"
Add component (AddParameter): Name = "Voltage"; Value = "25V"; VariantName = "[No Variations]"
Added Component: Designator=C8A(CAPC1608X07N)
Add component (AddParameter): Name = "MF"; Value = "Würth"; VariantName = "[No Variations]"
Add component (AddParameter): Name = "MPN"; Value = "885012206065"; VariantName = "[No Variations]"
Add component (AddParameter): Name = "Supplier 1"; Value = "Mouser"; VariantName = "[No Variations]"
Add component (AddParameter): Name = "Supplier 2"; Value = ""; VariantName = "[No Variations]"
Add component (AddParameter): Name = "Supplier Part Number 1"; Value = "710-885012206065"; VariantName = "[No Variations]"
Add component (AddParameter): Name = "Supplier Part Number 2"; Value = ""; VariantName = "[No Variations]"
Add component (AddParameter): Name = "Value"; Value = "10nF"; VariantName = "[No Variations]"
Add component (AddParameter): Name = "Voltage"; Value = "25V"; VariantName = "[No Variations]"
Added Component: Designator=C8B(CAPC1608X07N)
Add component (AddParameter): Name = "MF"; Value = "Würth"; VariantName = "[No Variations]"
Add component (AddParameter): Name = "MPN"; Value = "885012206065"; VariantName = "[No Variations]"
Add component (AddParameter): Name = "Supplier 1"; Value = "Mouser"; VariantName = "[No Variations]"
Add component (AddParameter): Name = "Supplier 2"; Value = ""; VariantName = "[No Variations]"
Add component (AddParameter): Name = "Supplier Part Number 1"; Value = "710-885012206065"; VariantName = "[No Variations]"
Add component (AddParameter): Name = "Supplier Part Number 2"; Value = ""; VariantName = "[No Variations]"
Add component (AddParameter): Name = "Value"; Value = "10nF"; VariantName = "[No Variations]"
Add component (AddParameter): Name = "Voltage"; Value = "25V"; VariantName = "[No Variations]"
Added Component: Designator=C8C(CAPC1608X07N)
Add component (AddParameter): Name = "MF"; Value = "Würth"; VariantName = "[No Variations]"
Add component (AddParameter): Name = "MPN"; Value = "885012206065"; VariantName = "[No Variations]"
Add component (AddParameter): Name = "Supplier 1"; Value = "Mouser"; VariantName = "[No Variations]"
Add component (AddParameter): Name = "Supplier 2"; Value = ""; VariantName = "[No Variations]"
Add component (AddParameter): Name = "Supplier Part Number 1"; Value = "710-885012206065"; VariantName = "[No Variations]"
Add component (AddParameter): Name = "Supplier Part Number 2"; Value = ""; VariantName = "[No Variations]"
Add component (AddParameter): Name = "Value"; Value = "10nF"; VariantName = "[No Variations]"
Add component (AddParameter): Name = "Voltage"; Value = "25V"; VariantName = "[No Variations]"
Added Component: Designator=C9A(CAPC1608X07N)
Add component (AddParameter): Name = "MF"; Value = ""; VariantName = "[No Variations]"
Add component (AddParameter): Name = "MPN"; Value = ""; VariantName = "[No Variations]"
Add component (AddParameter): Name = "Supplier 1"; Value = ""; VariantName = "[No Variations]"
Add component (AddParameter): Name = "Supplier 2"; Value = ""; VariantName = "[No Variations]"
Add component (AddParameter): Name = "Supplier Part Number 1"; Value = ""; VariantName = "[No Variations]"
Add component (AddParameter): Name = "Supplier Part Number 2"; Value = ""; VariantName = "[No Variations]"
Add component (AddParameter): Name = "Value"; Value = "4.7uF"; VariantName = "[No Variations]"
Add component (AddParameter): Name = "Voltage"; Value = "25V"; VariantName = "[No Variations]"
Added Component: Designator=C9B(CAPC1608X07N)
Add component (AddParameter): Name = "MF"; Value = ""; VariantName = "[No Variations]"
Add component (AddParameter): Name = "MPN"; Value = ""; VariantName = "[No Variations]"
Add component (AddParameter): Name = "Supplier 1"; Value = ""; VariantName = "[No Variations]"
Add component (AddParameter): Name = "Supplier 2"; Value = ""; VariantName = "[No Variations]"
Add component (AddParameter): Name = "Supplier Part Number 1"; Value = ""; VariantName = "[No Variations]"
Add component (AddParameter): Name = "Supplier Part Number 2"; Value = ""; VariantName = "[No Variations]"
Add component (AddParameter): Name = "Value"; Value = "4.7uF"; VariantName = "[No Variations]"
Add component (AddParameter): Name = "Voltage"; Value = "25V"; VariantName = "[No Variations]"
Added Component: Designator=C9C(CAPC1608X07N)
Add component (AddParameter): Name = "MF"; Value = ""; VariantName = "[No Variations]"
Add component (AddParameter): Name = "MPN"; Value = ""; VariantName = "[No Variations]"
Add component (AddParameter): Name = "Supplier 1"; Value = ""; VariantName = "[No Variations]"
Add component (AddParameter): Name = "Supplier 2"; Value = ""; VariantName = "[No Variations]"
Add component (AddParameter): Name = "Supplier Part Number 1"; Value = ""; VariantName = "[No Variations]"
Add component (AddParameter): Name = "Supplier Part Number 2"; Value = ""; VariantName = "[No Variations]"
Add component (AddParameter): Name = "Value"; Value = "4.7uF"; VariantName = "[No Variations]"
Add component (AddParameter): Name = "Voltage"; Value = "25V"; VariantName = "[No Variations]"
Added Component: Designator=C10A(CAPC1608X07N)
Add component (AddParameter): Name = "MF"; Value = ""; VariantName = "[No Variations]"
Add component (AddParameter): Name = "MPN"; Value = ""; VariantName = "[No Variations]"
Add component (AddParameter): Name = "Supplier 1"; Value = ""; VariantName = "[No Variations]"
Add component (AddParameter): Name = "Supplier 2"; Value = ""; VariantName = "[No Variations]"
Add component (AddParameter): Name = "Supplier Part Number 1"; Value = ""; VariantName = "[No Variations]"
Add component (AddParameter): Name = "Supplier Part Number 2"; Value = ""; VariantName = "[No Variations]"
Add component (AddParameter): Name = "Value"; Value = "4.7uF"; VariantName = "[No Variations]"
Add component (AddParameter): Name = "Voltage"; Value = "25V"; VariantName = "[No Variations]"
Added Component: Designator=C10B(CAPC1608X07N)
Add component (AddParameter): Name = "MF"; Value = ""; VariantName = "[No Variations]"
Add component (AddParameter): Name = "MPN"; Value = ""; VariantName = "[No Variations]"
Add component (AddParameter): Name = "Supplier 1"; Value = ""; VariantName = "[No Variations]"
Add component (AddParameter): Name = "Supplier 2"; Value = ""; VariantName = "[No Variations]"
Add component (AddParameter): Name = "Supplier Part Number 1"; Value = ""; VariantName = "[No Variations]"
Add component (AddParameter): Name = "Supplier Part Number 2"; Value = ""; VariantName = "[No Variations]"
Add component (AddParameter): Name = "Value"; Value = "4.7uF"; VariantName = "[No Variations]"
Add component (AddParameter): Name = "Voltage"; Value = "25V"; VariantName = "[No Variations]"
Added Component: Designator=C10C(CAPC1608X07N)
Add component (AddParameter): Name = "MF"; Value = ""; VariantName = "[No Variations]"
Add component (AddParameter): Name = "MPN"; Value = ""; VariantName = "[No Variations]"
Add component (AddParameter): Name = "Supplier 1"; Value = ""; VariantName = "[No Variations]"
Add component (AddParameter): Name = "Supplier 2"; Value = ""; VariantName = "[No Variations]"
Add component (AddParameter): Name = "Supplier Part Number 1"; Value = ""; VariantName = "[No Variations]"
Add component (AddParameter): Name = "Supplier Part Number 2"; Value = ""; VariantName = "[No Variations]"
Add component (AddParameter): Name = "Value"; Value = "4.7uF"; VariantName = "[No Variations]"
Add component (AddParameter): Name = "Voltage"; Value = "25V"; VariantName = "[No Variations]"
Added Component: Designator=C11A(RES_1206)
Add component (AddParameter): Name = "Digikey Part-Number"; Value = ""; VariantName = "[No Variations]"
Add component (AddParameter): Name = "Manufacturer Part-Number"; Value = ""; VariantName = "[No Variations]"
Add component (AddParameter): Name = "Value"; Value = "1uF"; VariantName = "[No Variations]"
Add component (AddParameter): Name = "Voltage"; Value = "50V"; VariantName = "[No Variations]"
Added Component: Designator=C11B(RES_1206)
Add component (AddParameter): Name = "Digikey Part-Number"; Value = ""; VariantName = "[No Variations]"
Add component (AddParameter): Name = "Manufacturer Part-Number"; Value = ""; VariantName = "[No Variations]"
Add component (AddParameter): Name = "Value"; Value = "1uF"; VariantName = "[No Variations]"
Add component (AddParameter): Name = "Voltage"; Value = "50V"; VariantName = "[No Variations]"
Added Component: Designator=C11C(RES_1206)
Add component (AddParameter): Name = "Digikey Part-Number"; Value = ""; VariantName = "[No Variations]"
Add component (AddParameter): Name = "Manufacturer Part-Number"; Value = ""; VariantName = "[No Variations]"
Add component (AddParameter): Name = "Value"; Value = "1uF"; VariantName = "[No Variations]"
Add component (AddParameter): Name = "Voltage"; Value = "50V"; VariantName = "[No Variations]"
Added Component: Designator=C12A(CAPC1608X07N)
Add component (AddParameter): Name = "MF"; Value = "Würth"; VariantName = "[No Variations]"
Add component (AddParameter): Name = "MPN"; Value = "885012206071"; VariantName = "[No Variations]"
Add component (AddParameter): Name = "Supplier 1"; Value = "Mouser"; VariantName = "[No Variations]"
Add component (AddParameter): Name = "Supplier 2"; Value = ""; VariantName = "[No Variations]"
Add component (AddParameter): Name = "Supplier Part Number 1"; Value = "710-885012206071"; VariantName = "[No Variations]"
Add component (AddParameter): Name = "Supplier Part Number 2"; Value = ""; VariantName = "[No Variations]"
Add component (AddParameter): Name = "Value"; Value = "100nF"; VariantName = "[No Variations]"
Add component (AddParameter): Name = "Voltage"; Value = "25V"; VariantName = "[No Variations]"
Added Component: Designator=C12B(CAPC1608X07N)
Add component (AddParameter): Name = "MF"; Value = "Würth"; VariantName = "[No Variations]"
Add component (AddParameter): Name = "MPN"; Value = "885012206071"; VariantName = "[No Variations]"
Add component (AddParameter): Name = "Supplier 1"; Value = "Mouser"; VariantName = "[No Variations]"
Add component (AddParameter): Name = "Supplier 2"; Value = ""; VariantName = "[No Variations]"
Add component (AddParameter): Name = "Supplier Part Number 1"; Value = "710-885012206071"; VariantName = "[No Variations]"
Add component (AddParameter): Name = "Supplier Part Number 2"; Value = ""; VariantName = "[No Variations]"
Add component (AddParameter): Name = "Value"; Value = "100nF"; VariantName = "[No Variations]"
Add component (AddParameter): Name = "Voltage"; Value = "25V"; VariantName = "[No Variations]"
Added Component: Designator=C12C(CAPC1608X07N)
Add component (AddParameter): Name = "MF"; Value = "Würth"; VariantName = "[No Variations]"
Add component (AddParameter): Name = "MPN"; Value = "885012206071"; VariantName = "[No Variations]"
Add component (AddParameter): Name = "Supplier 1"; Value = "Mouser"; VariantName = "[No Variations]"
Add component (AddParameter): Name = "Supplier 2"; Value = ""; VariantName = "[No Variations]"
Add component (AddParameter): Name = "Supplier Part Number 1"; Value = "710-885012206071"; VariantName = "[No Variations]"
Add component (AddParameter): Name = "Supplier Part Number 2"; Value = ""; VariantName = "[No Variations]"
Add component (AddParameter): Name = "Value"; Value = "100nF"; VariantName = "[No Variations]"
Add component (AddParameter): Name = "Voltage"; Value = "25V"; VariantName = "[No Variations]"
Added Component: Designator=C13A(RES_1206)
Add component (AddParameter): Name = "Digikey Part-Number"; Value = ""; VariantName = "[No Variations]"
Add component (AddParameter): Name = "Manufacturer Part-Number"; Value = ""; VariantName = "[No Variations]"
Add component (AddParameter): Name = "Value"; Value = "2.2uF"; VariantName = "[No Variations]"
Add component (AddParameter): Name = "Voltage"; Value = "50V"; VariantName = "[No Variations]"
Added Component: Designator=C13B(RES_1206)
Add component (AddParameter): Name = "Digikey Part-Number"; Value = ""; VariantName = "[No Variations]"
Add component (AddParameter): Name = "Manufacturer Part-Number"; Value = ""; VariantName = "[No Variations]"
Add component (AddParameter): Name = "Value"; Value = "2.2uF"; VariantName = "[No Variations]"
Add component (AddParameter): Name = "Voltage"; Value = "50V"; VariantName = "[No Variations]"
Added Component: Designator=C13C(RES_1206)
Add component (AddParameter): Name = "Digikey Part-Number"; Value = ""; VariantName = "[No Variations]"
Add component (AddParameter): Name = "Manufacturer Part-Number"; Value = ""; VariantName = "[No Variations]"
Add component (AddParameter): Name = "Value"; Value = "2.2uF"; VariantName = "[No Variations]"
Add component (AddParameter): Name = "Voltage"; Value = "50V"; VariantName = "[No Variations]"
Added Component: Designator=C14A(CAPC1608X07N)
Add component (AddParameter): Name = "MF"; Value = ""; VariantName = "[No Variations]"
Add component (AddParameter): Name = "MPN"; Value = ""; VariantName = "[No Variations]"
Add component (AddParameter): Name = "Supplier 1"; Value = ""; VariantName = "[No Variations]"
Add component (AddParameter): Name = "Supplier 2"; Value = ""; VariantName = "[No Variations]"
Add component (AddParameter): Name = "Supplier Part Number 1"; Value = ""; VariantName = "[No Variations]"
Add component (AddParameter): Name = "Supplier Part Number 2"; Value = ""; VariantName = "[No Variations]"
Add component (AddParameter): Name = "Value"; Value = "120pF"; VariantName = "[No Variations]"
Add component (AddParameter): Name = "Voltage"; Value = "25V"; VariantName = "[No Variations]"
Added Component: Designator=C14B(CAPC1608X07N)
Add component (AddParameter): Name = "MF"; Value = ""; VariantName = "[No Variations]"
Add component (AddParameter): Name = "MPN"; Value = ""; VariantName = "[No Variations]"
Add component (AddParameter): Name = "Supplier 1"; Value = ""; VariantName = "[No Variations]"
Add component (AddParameter): Name = "Supplier 2"; Value = ""; VariantName = "[No Variations]"
Add component (AddParameter): Name = "Supplier Part Number 1"; Value = ""; VariantName = "[No Variations]"
Add component (AddParameter): Name = "Supplier Part Number 2"; Value = ""; VariantName = "[No Variations]"
Add component (AddParameter): Name = "Value"; Value = "120pF"; VariantName = "[No Variations]"
Add component (AddParameter): Name = "Voltage"; Value = "25V"; VariantName = "[No Variations]"
Added Component: Designator=C14C(CAPC1608X07N)
Add component (AddParameter): Name = "MF"; Value = ""; VariantName = "[No Variations]"
Add component (AddParameter): Name = "MPN"; Value = ""; VariantName = "[No Variations]"
Add component (AddParameter): Name = "Supplier 1"; Value = ""; VariantName = "[No Variations]"
Add component (AddParameter): Name = "Supplier 2"; Value = ""; VariantName = "[No Variations]"
Add component (AddParameter): Name = "Supplier Part Number 1"; Value = ""; VariantName = "[No Variations]"
Add component (AddParameter): Name = "Supplier Part Number 2"; Value = ""; VariantName = "[No Variations]"
Add component (AddParameter): Name = "Value"; Value = "120pF"; VariantName = "[No Variations]"
Add component (AddParameter): Name = "Voltage"; Value = "25V"; VariantName = "[No Variations]"
Added Component: Designator=C15A(CAPC1608X07N)
Add component (AddParameter): Name = "MF"; Value = ""; VariantName = "[No Variations]"
Add component (AddParameter): Name = "MPN"; Value = ""; VariantName = "[No Variations]"
Add component (AddParameter): Name = "Supplier 1"; Value = ""; VariantName = "[No Variations]"
Add component (AddParameter): Name = "Supplier 2"; Value = ""; VariantName = "[No Variations]"
Add component (AddParameter): Name = "Supplier Part Number 1"; Value = ""; VariantName = "[No Variations]"
Add component (AddParameter): Name = "Supplier Part Number 2"; Value = ""; VariantName = "[No Variations]"
Add component (AddParameter): Name = "Value"; Value = "120pF"; VariantName = "[No Variations]"
Add component (AddParameter): Name = "Voltage"; Value = "25V"; VariantName = "[No Variations]"
Added Component: Designator=C15B(CAPC1608X07N)
Add component (AddParameter): Name = "MF"; Value = ""; VariantName = "[No Variations]"
Add component (AddParameter): Name = "MPN"; Value = ""; VariantName = "[No Variations]"
Add component (AddParameter): Name = "Supplier 1"; Value = ""; VariantName = "[No Variations]"
Add component (AddParameter): Name = "Supplier 2"; Value = ""; VariantName = "[No Variations]"
Add component (AddParameter): Name = "Supplier Part Number 1"; Value = ""; VariantName = "[No Variations]"
Add component (AddParameter): Name = "Supplier Part Number 2"; Value = ""; VariantName = "[No Variations]"
Add component (AddParameter): Name = "Value"; Value = "120pF"; VariantName = "[No Variations]"
Add component (AddParameter): Name = "Voltage"; Value = "25V"; VariantName = "[No Variations]"
Added Component: Designator=C15C(CAPC1608X07N)
Add component (AddParameter): Name = "MF"; Value = ""; VariantName = "[No Variations]"
Add component (AddParameter): Name = "MPN"; Value = ""; VariantName = "[No Variations]"
Add component (AddParameter): Name = "Supplier 1"; Value = ""; VariantName = "[No Variations]"
Add component (AddParameter): Name = "Supplier 2"; Value = ""; VariantName = "[No Variations]"
Add component (AddParameter): Name = "Supplier Part Number 1"; Value = ""; VariantName = "[No Variations]"
Add component (AddParameter): Name = "Supplier Part Number 2"; Value = ""; VariantName = "[No Variations]"
Add component (AddParameter): Name = "Value"; Value = "120pF"; VariantName = "[No Variations]"
Add component (AddParameter): Name = "Voltage"; Value = "25V"; VariantName = "[No Variations]"
Added Component: Designator=C16A(CAPC1608X07N)
Add component (AddParameter): Name = "MF"; Value = ""; VariantName = "[No Variations]"
Add component (AddParameter): Name = "MPN"; Value = ""; VariantName = "[No Variations]"
Add component (AddParameter): Name = "Supplier 1"; Value = ""; VariantName = "[No Variations]"
Add component (AddParameter): Name = "Supplier 2"; Value = ""; VariantName = "[No Variations]"
Add component (AddParameter): Name = "Supplier Part Number 1"; Value = ""; VariantName = "[No Variations]"
Add component (AddParameter): Name = "Supplier Part Number 2"; Value = ""; VariantName = "[No Variations]"
Add component (AddParameter): Name = "Value"; Value = "100pF"; VariantName = "[No Variations]"
Add component (AddParameter): Name = "Voltage"; Value = "25V"; VariantName = "[No Variations]"
Added Component: Designator=C16B(CAPC1608X07N)
Add component (AddParameter): Name = "MF"; Value = ""; VariantName = "[No Variations]"
Add component (AddParameter): Name = "MPN"; Value = ""; VariantName = "[No Variations]"
Add component (AddParameter): Name = "Supplier 1"; Value = ""; VariantName = "[No Variations]"
Add component (AddParameter): Name = "Supplier 2"; Value = ""; VariantName = "[No Variations]"
Add component (AddParameter): Name = "Supplier Part Number 1"; Value = ""; VariantName = "[No Variations]"
Add component (AddParameter): Name = "Supplier Part Number 2"; Value = ""; VariantName = "[No Variations]"
Add component (AddParameter): Name = "Value"; Value = "100pF"; VariantName = "[No Variations]"
Add component (AddParameter): Name = "Voltage"; Value = "25V"; VariantName = "[No Variations]"
Added Component: Designator=C16C(CAPC1608X07N)
Add component (AddParameter): Name = "MF"; Value = ""; VariantName = "[No Variations]"
Add component (AddParameter): Name = "MPN"; Value = ""; VariantName = "[No Variations]"
Add component (AddParameter): Name = "Supplier 1"; Value = ""; VariantName = "[No Variations]"
Add component (AddParameter): Name = "Supplier 2"; Value = ""; VariantName = "[No Variations]"
Add component (AddParameter): Name = "Supplier Part Number 1"; Value = ""; VariantName = "[No Variations]"
Add component (AddParameter): Name = "Supplier Part Number 2"; Value = ""; VariantName = "[No Variations]"
Add component (AddParameter): Name = "Value"; Value = "100pF"; VariantName = "[No Variations]"
Add component (AddParameter): Name = "Voltage"; Value = "25V"; VariantName = "[No Variations]"
Added Component: Designator=C17A(CAPC1608X07N)
Add component (AddParameter): Name = "MF"; Value = ""; VariantName = "[No Variations]"
Add component (AddParameter): Name = "MPN"; Value = ""; VariantName = "[No Variations]"
Add component (AddParameter): Name = "Supplier 1"; Value = ""; VariantName = "[No Variations]"
Add component (AddParameter): Name = "Supplier 2"; Value = ""; VariantName = "[No Variations]"
Add component (AddParameter): Name = "Supplier Part Number 1"; Value = ""; VariantName = "[No Variations]"
Add component (AddParameter): Name = "Supplier Part Number 2"; Value = ""; VariantName = "[No Variations]"
Add component (AddParameter): Name = "Value"; Value = "100pF"; VariantName = "[No Variations]"
Add component (AddParameter): Name = "Voltage"; Value = "25V"; VariantName = "[No Variations]"
Added Component: Designator=C17B(CAPC1608X07N)
Add component (AddParameter): Name = "MF"; Value = ""; VariantName = "[No Variations]"
Add component (AddParameter): Name = "MPN"; Value = ""; VariantName = "[No Variations]"
Add component (AddParameter): Name = "Supplier 1"; Value = ""; VariantName = "[No Variations]"
Add component (AddParameter): Name = "Supplier 2"; Value = ""; VariantName = "[No Variations]"
Add component (AddParameter): Name = "Supplier Part Number 1"; Value = ""; VariantName = "[No Variations]"
Add component (AddParameter): Name = "Supplier Part Number 2"; Value = ""; VariantName = "[No Variations]"
Add component (AddParameter): Name = "Value"; Value = "100pF"; VariantName = "[No Variations]"
Add component (AddParameter): Name = "Voltage"; Value = "25V"; VariantName = "[No Variations]"
Added Component: Designator=C17C(CAPC1608X07N)
Add component (AddParameter): Name = "MF"; Value = ""; VariantName = "[No Variations]"
Add component (AddParameter): Name = "MPN"; Value = ""; VariantName = "[No Variations]"
Add component (AddParameter): Name = "Supplier 1"; Value = ""; VariantName = "[No Variations]"
Add component (AddParameter): Name = "Supplier 2"; Value = ""; VariantName = "[No Variations]"
Add component (AddParameter): Name = "Supplier Part Number 1"; Value = ""; VariantName = "[No Variations]"
Add component (AddParameter): Name = "Supplier Part Number 2"; Value = ""; VariantName = "[No Variations]"
Add component (AddParameter): Name = "Value"; Value = "100pF"; VariantName = "[No Variations]"
Add component (AddParameter): Name = "Voltage"; Value = "25V"; VariantName = "[No Variations]"
Added Component: Designator=C18A(CAPC1608X07N)
Add component (AddParameter): Name = "MF"; Value = ""; VariantName = "[No Variations]"
Add component (AddParameter): Name = "MPN"; Value = ""; VariantName = "[No Variations]"
Add component (AddParameter): Name = "Supplier 1"; Value = ""; VariantName = "[No Variations]"
Add component (AddParameter): Name = "Supplier 2"; Value = ""; VariantName = "[No Variations]"
Add component (AddParameter): Name = "Supplier Part Number 1"; Value = ""; VariantName = "[No Variations]"
Add component (AddParameter): Name = "Supplier Part Number 2"; Value = ""; VariantName = "[No Variations]"
Add component (AddParameter): Name = "Value"; Value = "100pF"; VariantName = "[No Variations]"
Add component (AddParameter): Name = "Voltage"; Value = "25V"; VariantName = "[No Variations]"
Added Component: Designator=C18B(CAPC1608X07N)
Add component (AddParameter): Name = "MF"; Value = ""; VariantName = "[No Variations]"
Add component (AddParameter): Name = "MPN"; Value = ""; VariantName = "[No Variations]"
Add component (AddParameter): Name = "Supplier 1"; Value = ""; VariantName = "[No Variations]"
Add component (AddParameter): Name = "Supplier 2"; Value = ""; VariantName = "[No Variations]"
Add component (AddParameter): Name = "Supplier Part Number 1"; Value = ""; VariantName = "[No Variations]"
Add component (AddParameter): Name = "Supplier Part Number 2"; Value = ""; VariantName = "[No Variations]"
Add component (AddParameter): Name = "Value"; Value = "100pF"; VariantName = "[No Variations]"
Add component (AddParameter): Name = "Voltage"; Value = "25V"; VariantName = "[No Variations]"
Added Component: Designator=C18C(CAPC1608X07N)
Add component (AddParameter): Name = "MF"; Value = ""; VariantName = "[No Variations]"
Add component (AddParameter): Name = "MPN"; Value = ""; VariantName = "[No Variations]"
Add component (AddParameter): Name = "Supplier 1"; Value = ""; VariantName = "[No Variations]"
Add component (AddParameter): Name = "Supplier 2"; Value = ""; VariantName = "[No Variations]"
Add component (AddParameter): Name = "Supplier Part Number 1"; Value = ""; VariantName = "[No Variations]"
Add component (AddParameter): Name = "Supplier Part Number 2"; Value = ""; VariantName = "[No Variations]"
Add component (AddParameter): Name = "Value"; Value = "100pF"; VariantName = "[No Variations]"
Add component (AddParameter): Name = "Voltage"; Value = "25V"; VariantName = "[No Variations]"
Added Component: Designator=C19A(CAPC1608X07N)
Add component (AddParameter): Name = "MF"; Value = ""; VariantName = "[No Variations]"
Add component (AddParameter): Name = "MPN"; Value = ""; VariantName = "[No Variations]"
Add component (AddParameter): Name = "Supplier 1"; Value = ""; VariantName = "[No Variations]"
Add component (AddParameter): Name = "Supplier 2"; Value = ""; VariantName = "[No Variations]"
Add component (AddParameter): Name = "Supplier Part Number 1"; Value = ""; VariantName = "[No Variations]"
Add component (AddParameter): Name = "Supplier Part Number 2"; Value = ""; VariantName = "[No Variations]"
Add component (AddParameter): Name = "Value"; Value = "100pF"; VariantName = "[No Variations]"
Add component (AddParameter): Name = "Voltage"; Value = "25V"; VariantName = "[No Variations]"
Added Component: Designator=C19B(CAPC1608X07N)
Add component (AddParameter): Name = "MF"; Value = ""; VariantName = "[No Variations]"
Add component (AddParameter): Name = "MPN"; Value = ""; VariantName = "[No Variations]"
Add component (AddParameter): Name = "Supplier 1"; Value = ""; VariantName = "[No Variations]"
Add component (AddParameter): Name = "Supplier 2"; Value = ""; VariantName = "[No Variations]"
Add component (AddParameter): Name = "Supplier Part Number 1"; Value = ""; VariantName = "[No Variations]"
Add component (AddParameter): Name = "Supplier Part Number 2"; Value = ""; VariantName = "[No Variations]"
Add component (AddParameter): Name = "Value"; Value = "100pF"; VariantName = "[No Variations]"
Add component (AddParameter): Name = "Voltage"; Value = "25V"; VariantName = "[No Variations]"
Added Component: Designator=C19C(CAPC1608X07N)
Add component (AddParameter): Name = "MF"; Value = ""; VariantName = "[No Variations]"
Add component (AddParameter): Name = "MPN"; Value = ""; VariantName = "[No Variations]"
Add component (AddParameter): Name = "Supplier 1"; Value = ""; VariantName = "[No Variations]"
Add component (AddParameter): Name = "Supplier 2"; Value = ""; VariantName = "[No Variations]"
Add component (AddParameter): Name = "Supplier Part Number 1"; Value = ""; VariantName = "[No Variations]"
Add component (AddParameter): Name = "Supplier Part Number 2"; Value = ""; VariantName = "[No Variations]"
Add component (AddParameter): Name = "Value"; Value = "100pF"; VariantName = "[No Variations]"
Add component (AddParameter): Name = "Voltage"; Value = "25V"; VariantName = "[No Variations]"
Added Component: Designator=C20A(CAPC1608X07N)
Add component (AddParameter): Name = "MF"; Value = ""; VariantName = "[No Variations]"
Add component (AddParameter): Name = "MPN"; Value = ""; VariantName = "[No Variations]"
Add component (AddParameter): Name = "Supplier 1"; Value = ""; VariantName = "[No Variations]"
Add component (AddParameter): Name = "Supplier 2"; Value = ""; VariantName = "[No Variations]"
Add component (AddParameter): Name = "Supplier Part Number 1"; Value = ""; VariantName = "[No Variations]"
Add component (AddParameter): Name = "Supplier Part Number 2"; Value = ""; VariantName = "[No Variations]"
Add component (AddParameter): Name = "Value"; Value = "1nF"; VariantName = "[No Variations]"
Add component (AddParameter): Name = "Voltage"; Value = "25V"; VariantName = "[No Variations]"
Added Component: Designator=C20B(CAPC1608X07N)
Add component (AddParameter): Name = "MF"; Value = ""; VariantName = "[No Variations]"
Add component (AddParameter): Name = "MPN"; Value = ""; VariantName = "[No Variations]"
Add component (AddParameter): Name = "Supplier 1"; Value = ""; VariantName = "[No Variations]"
Add component (AddParameter): Name = "Supplier 2"; Value = ""; VariantName = "[No Variations]"
Add component (AddParameter): Name = "Supplier Part Number 1"; Value = ""; VariantName = "[No Variations]"
Add component (AddParameter): Name = "Supplier Part Number 2"; Value = ""; VariantName = "[No Variations]"
Add component (AddParameter): Name = "Value"; Value = "1nF"; VariantName = "[No Variations]"
Add component (AddParameter): Name = "Voltage"; Value = "25V"; VariantName = "[No Variations]"
Added Component: Designator=C20C(CAPC1608X07N)
Add component (AddParameter): Name = "MF"; Value = ""; VariantName = "[No Variations]"
Add component (AddParameter): Name = "MPN"; Value = ""; VariantName = "[No Variations]"
Add component (AddParameter): Name = "Supplier 1"; Value = ""; VariantName = "[No Variations]"
Add component (AddParameter): Name = "Supplier 2"; Value = ""; VariantName = "[No Variations]"
Add component (AddParameter): Name = "Supplier Part Number 1"; Value = ""; VariantName = "[No Variations]"
Add component (AddParameter): Name = "Supplier Part Number 2"; Value = ""; VariantName = "[No Variations]"
Add component (AddParameter): Name = "Value"; Value = "1nF"; VariantName = "[No Variations]"
Add component (AddParameter): Name = "Voltage"; Value = "25V"; VariantName = "[No Variations]"
Added Component: Designator=C21A(CAPC1608X07N)
Add component (AddParameter): Name = "MF"; Value = ""; VariantName = "[No Variations]"
Add component (AddParameter): Name = "MPN"; Value = ""; VariantName = "[No Variations]"
Add component (AddParameter): Name = "Supplier 1"; Value = ""; VariantName = "[No Variations]"
Add component (AddParameter): Name = "Supplier 2"; Value = ""; VariantName = "[No Variations]"
Add component (AddParameter): Name = "Supplier Part Number 1"; Value = ""; VariantName = "[No Variations]"
Add component (AddParameter): Name = "Supplier Part Number 2"; Value = ""; VariantName = "[No Variations]"
Add component (AddParameter): Name = "Value"; Value = "1nF"; VariantName = "[No Variations]"
Add component (AddParameter): Name = "Voltage"; Value = "25V"; VariantName = "[No Variations]"
Added Component: Designator=C21B(CAPC1608X07N)
Add component (AddParameter): Name = "MF"; Value = ""; VariantName = "[No Variations]"
Add component (AddParameter): Name = "MPN"; Value = ""; VariantName = "[No Variations]"
Add component (AddParameter): Name = "Supplier 1"; Value = ""; VariantName = "[No Variations]"
Add component (AddParameter): Name = "Supplier 2"; Value = ""; VariantName = "[No Variations]"
Add component (AddParameter): Name = "Supplier Part Number 1"; Value = ""; VariantName = "[No Variations]"
Add component (AddParameter): Name = "Supplier Part Number 2"; Value = ""; VariantName = "[No Variations]"
Add component (AddParameter): Name = "Value"; Value = "1nF"; VariantName = "[No Variations]"
Add component (AddParameter): Name = "Voltage"; Value = "25V"; VariantName = "[No Variations]"
Added Component: Designator=C21C(CAPC1608X07N)
Add component (AddParameter): Name = "MF"; Value = ""; VariantName = "[No Variations]"
Add component (AddParameter): Name = "MPN"; Value = ""; VariantName = "[No Variations]"
Add component (AddParameter): Name = "Supplier 1"; Value = ""; VariantName = "[No Variations]"
Add component (AddParameter): Name = "Supplier 2"; Value = ""; VariantName = "[No Variations]"
Add component (AddParameter): Name = "Supplier Part Number 1"; Value = ""; VariantName = "[No Variations]"
Add component (AddParameter): Name = "Supplier Part Number 2"; Value = ""; VariantName = "[No Variations]"
Add component (AddParameter): Name = "Value"; Value = "1nF"; VariantName = "[No Variations]"
Add component (AddParameter): Name = "Voltage"; Value = "25V"; VariantName = "[No Variations]"
Added Component: Designator=C22A(CAPC1608X07N)
Add component (AddParameter): Name = "MF"; Value = ""; VariantName = "[No Variations]"
Add component (AddParameter): Name = "MPN"; Value = ""; VariantName = "[No Variations]"
Add component (AddParameter): Name = "Supplier 1"; Value = ""; VariantName = "[No Variations]"
Add component (AddParameter): Name = "Supplier 2"; Value = ""; VariantName = "[No Variations]"
Add component (AddParameter): Name = "Supplier Part Number 1"; Value = ""; VariantName = "[No Variations]"
Add component (AddParameter): Name = "Supplier Part Number 2"; Value = ""; VariantName = "[No Variations]"
Add component (AddParameter): Name = "Value"; Value = "1nF"; VariantName = "[No Variations]"
Add component (AddParameter): Name = "Voltage"; Value = "25V"; VariantName = "[No Variations]"
Added Component: Designator=C22B(CAPC1608X07N)
Add component (AddParameter): Name = "MF"; Value = ""; VariantName = "[No Variations]"
Add component (AddParameter): Name = "MPN"; Value = ""; VariantName = "[No Variations]"
Add component (AddParameter): Name = "Supplier 1"; Value = ""; VariantName = "[No Variations]"
Add component (AddParameter): Name = "Supplier 2"; Value = ""; VariantName = "[No Variations]"
Add component (AddParameter): Name = "Supplier Part Number 1"; Value = ""; VariantName = "[No Variations]"
Add component (AddParameter): Name = "Supplier Part Number 2"; Value = ""; VariantName = "[No Variations]"
Add component (AddParameter): Name = "Value"; Value = "1nF"; VariantName = "[No Variations]"
Add component (AddParameter): Name = "Voltage"; Value = "25V"; VariantName = "[No Variations]"
Added Component: Designator=C22C(CAPC1608X07N)
Add component (AddParameter): Name = "MF"; Value = ""; VariantName = "[No Variations]"
Add component (AddParameter): Name = "MPN"; Value = ""; VariantName = "[No Variations]"
Add component (AddParameter): Name = "Supplier 1"; Value = ""; VariantName = "[No Variations]"
Add component (AddParameter): Name = "Supplier 2"; Value = ""; VariantName = "[No Variations]"
Add component (AddParameter): Name = "Supplier Part Number 1"; Value = ""; VariantName = "[No Variations]"
Add component (AddParameter): Name = "Supplier Part Number 2"; Value = ""; VariantName = "[No Variations]"
Add component (AddParameter): Name = "Value"; Value = "1nF"; VariantName = "[No Variations]"
Add component (AddParameter): Name = "Voltage"; Value = "25V"; VariantName = "[No Variations]"
Added Component: Designator=C23A(CAPC1608X07N)
Add component (AddParameter): Name = "MF"; Value = ""; VariantName = "[No Variations]"
Add component (AddParameter): Name = "MPN"; Value = ""; VariantName = "[No Variations]"
Add component (AddParameter): Name = "Supplier 1"; Value = ""; VariantName = "[No Variations]"
Add component (AddParameter): Name = "Supplier 2"; Value = ""; VariantName = "[No Variations]"
Add component (AddParameter): Name = "Supplier Part Number 1"; Value = ""; VariantName = "[No Variations]"
Add component (AddParameter): Name = "Supplier Part Number 2"; Value = ""; VariantName = "[No Variations]"
Add component (AddParameter): Name = "Value"; Value = "1nF"; VariantName = "[No Variations]"
Add component (AddParameter): Name = "Voltage"; Value = "25V"; VariantName = "[No Variations]"
Added Component: Designator=C23B(CAPC1608X07N)
Add component (AddParameter): Name = "MF"; Value = ""; VariantName = "[No Variations]"
Add component (AddParameter): Name = "MPN"; Value = ""; VariantName = "[No Variations]"
Add component (AddParameter): Name = "Supplier 1"; Value = ""; VariantName = "[No Variations]"
Add component (AddParameter): Name = "Supplier 2"; Value = ""; VariantName = "[No Variations]"
Add component (AddParameter): Name = "Supplier Part Number 1"; Value = ""; VariantName = "[No Variations]"
Add component (AddParameter): Name = "Supplier Part Number 2"; Value = ""; VariantName = "[No Variations]"
Add component (AddParameter): Name = "Value"; Value = "1nF"; VariantName = "[No Variations]"
Add component (AddParameter): Name = "Voltage"; Value = "25V"; VariantName = "[No Variations]"
Added Component: Designator=C23C(CAPC1608X07N)
Add component (AddParameter): Name = "MF"; Value = ""; VariantName = "[No Variations]"
Add component (AddParameter): Name = "MPN"; Value = ""; VariantName = "[No Variations]"
Add component (AddParameter): Name = "Supplier 1"; Value = ""; VariantName = "[No Variations]"
Add component (AddParameter): Name = "Supplier 2"; Value = ""; VariantName = "[No Variations]"
Add component (AddParameter): Name = "Supplier Part Number 1"; Value = ""; VariantName = "[No Variations]"
Add component (AddParameter): Name = "Supplier Part Number 2"; Value = ""; VariantName = "[No Variations]"
Add component (AddParameter): Name = "Value"; Value = "1nF"; VariantName = "[No Variations]"
Add component (AddParameter): Name = "Voltage"; Value = "25V"; VariantName = "[No Variations]"
Added Component: Designator=C24A(CAPC1608X07N)
Add component (AddParameter): Name = "MF"; Value = "Würth"; VariantName = "[No Variations]"
Add component (AddParameter): Name = "MPN"; Value = "885012206071"; VariantName = "[No Variations]"
Add component (AddParameter): Name = "Supplier 1"; Value = "Mouser"; VariantName = "[No Variations]"
Add component (AddParameter): Name = "Supplier 2"; Value = ""; VariantName = "[No Variations]"
Add component (AddParameter): Name = "Supplier Part Number 1"; Value = "710-885012206071"; VariantName = "[No Variations]"
Add component (AddParameter): Name = "Supplier Part Number 2"; Value = ""; VariantName = "[No Variations]"
Add component (AddParameter): Name = "Value"; Value = "100nF"; VariantName = "[No Variations]"
Add component (AddParameter): Name = "Voltage"; Value = "25V"; VariantName = "[No Variations]"
Added Component: Designator=C24B(CAPC1608X07N)
Add component (AddParameter): Name = "MF"; Value = "Würth"; VariantName = "[No Variations]"
Add component (AddParameter): Name = "MPN"; Value = "885012206071"; VariantName = "[No Variations]"
Add component (AddParameter): Name = "Supplier 1"; Value = "Mouser"; VariantName = "[No Variations]"
Add component (AddParameter): Name = "Supplier 2"; Value = ""; VariantName = "[No Variations]"
Add component (AddParameter): Name = "Supplier Part Number 1"; Value = "710-885012206071"; VariantName = "[No Variations]"
Add component (AddParameter): Name = "Supplier Part Number 2"; Value = ""; VariantName = "[No Variations]"
Add component (AddParameter): Name = "Value"; Value = "100nF"; VariantName = "[No Variations]"
Add component (AddParameter): Name = "Voltage"; Value = "25V"; VariantName = "[No Variations]"
Added Component: Designator=C24C(CAPC1608X07N)
Add component (AddParameter): Name = "MF"; Value = "Würth"; VariantName = "[No Variations]"
Add component (AddParameter): Name = "MPN"; Value = "885012206071"; VariantName = "[No Variations]"
Add component (AddParameter): Name = "Supplier 1"; Value = "Mouser"; VariantName = "[No Variations]"
Add component (AddParameter): Name = "Supplier 2"; Value = ""; VariantName = "[No Variations]"
Add component (AddParameter): Name = "Supplier Part Number 1"; Value = "710-885012206071"; VariantName = "[No Variations]"
Add component (AddParameter): Name = "Supplier Part Number 2"; Value = ""; VariantName = "[No Variations]"
Add component (AddParameter): Name = "Value"; Value = "100nF"; VariantName = "[No Variations]"
Add component (AddParameter): Name = "Voltage"; Value = "25V"; VariantName = "[No Variations]"
Added Component: Designator=C25A(CAPC1608X07N)
Add component (AddParameter): Name = "MF"; Value = ""; VariantName = "[No Variations]"
Add component (AddParameter): Name = "MPN"; Value = ""; VariantName = "[No Variations]"
Add component (AddParameter): Name = "Supplier 1"; Value = ""; VariantName = "[No Variations]"
Add component (AddParameter): Name = "Supplier 2"; Value = ""; VariantName = "[No Variations]"
Add component (AddParameter): Name = "Supplier Part Number 1"; Value = ""; VariantName = "[No Variations]"
Add component (AddParameter): Name = "Supplier Part Number 2"; Value = ""; VariantName = "[No Variations]"
Add component (AddParameter): Name = "Value"; Value = "1nF"; VariantName = "[No Variations]"
Add component (AddParameter): Name = "Voltage"; Value = "25V"; VariantName = "[No Variations]"
Added Component: Designator=C25B(CAPC1608X07N)
Add component (AddParameter): Name = "MF"; Value = ""; VariantName = "[No Variations]"
Add component (AddParameter): Name = "MPN"; Value = ""; VariantName = "[No Variations]"
Add component (AddParameter): Name = "Supplier 1"; Value = ""; VariantName = "[No Variations]"
Add component (AddParameter): Name = "Supplier 2"; Value = ""; VariantName = "[No Variations]"
Add component (AddParameter): Name = "Supplier Part Number 1"; Value = ""; VariantName = "[No Variations]"
Add component (AddParameter): Name = "Supplier Part Number 2"; Value = ""; VariantName = "[No Variations]"
Add component (AddParameter): Name = "Value"; Value = "1nF"; VariantName = "[No Variations]"
Add component (AddParameter): Name = "Voltage"; Value = "25V"; VariantName = "[No Variations]"
Added Component: Designator=C25C(CAPC1608X07N)
Add component (AddParameter): Name = "MF"; Value = ""; VariantName = "[No Variations]"
Add component (AddParameter): Name = "MPN"; Value = ""; VariantName = "[No Variations]"
Add component (AddParameter): Name = "Supplier 1"; Value = ""; VariantName = "[No Variations]"
Add component (AddParameter): Name = "Supplier 2"; Value = ""; VariantName = "[No Variations]"
Add component (AddParameter): Name = "Supplier Part Number 1"; Value = ""; VariantName = "[No Variations]"
Add component (AddParameter): Name = "Supplier Part Number 2"; Value = ""; VariantName = "[No Variations]"
Add component (AddParameter): Name = "Value"; Value = "1nF"; VariantName = "[No Variations]"
Add component (AddParameter): Name = "Voltage"; Value = "25V"; VariantName = "[No Variations]"
Added Component: Designator=C26A(CAPC1608X07N)
Add component (AddParameter): Name = "MF"; Value = ""; VariantName = "[No Variations]"
Add component (AddParameter): Name = "MPN"; Value = ""; VariantName = "[No Variations]"
Add component (AddParameter): Name = "Supplier 1"; Value = ""; VariantName = "[No Variations]"
Add component (AddParameter): Name = "Supplier 2"; Value = ""; VariantName = "[No Variations]"
Add component (AddParameter): Name = "Supplier Part Number 1"; Value = ""; VariantName = "[No Variations]"
Add component (AddParameter): Name = "Supplier Part Number 2"; Value = ""; VariantName = "[No Variations]"
Add component (AddParameter): Name = "Value"; Value = "1nF"; VariantName = "[No Variations]"
Add component (AddParameter): Name = "Voltage"; Value = "25V"; VariantName = "[No Variations]"
Added Component: Designator=C26B(CAPC1608X07N)
Add component (AddParameter): Name = "MF"; Value = ""; VariantName = "[No Variations]"
Add component (AddParameter): Name = "MPN"; Value = ""; VariantName = "[No Variations]"
Add component (AddParameter): Name = "Supplier 1"; Value = ""; VariantName = "[No Variations]"
Add component (AddParameter): Name = "Supplier 2"; Value = ""; VariantName = "[No Variations]"
Add component (AddParameter): Name = "Supplier Part Number 1"; Value = ""; VariantName = "[No Variations]"
Add component (AddParameter): Name = "Supplier Part Number 2"; Value = ""; VariantName = "[No Variations]"
Add component (AddParameter): Name = "Value"; Value = "1nF"; VariantName = "[No Variations]"
Add component (AddParameter): Name = "Voltage"; Value = "25V"; VariantName = "[No Variations]"
Added Component: Designator=C26C(CAPC1608X07N)
Add component (AddParameter): Name = "MF"; Value = ""; VariantName = "[No Variations]"
Add component (AddParameter): Name = "MPN"; Value = ""; VariantName = "[No Variations]"
Add component (AddParameter): Name = "Supplier 1"; Value = ""; VariantName = "[No Variations]"
Add component (AddParameter): Name = "Supplier 2"; Value = ""; VariantName = "[No Variations]"
Add component (AddParameter): Name = "Supplier Part Number 1"; Value = ""; VariantName = "[No Variations]"
Add component (AddParameter): Name = "Supplier Part Number 2"; Value = ""; VariantName = "[No Variations]"
Add component (AddParameter): Name = "Value"; Value = "1nF"; VariantName = "[No Variations]"
Add component (AddParameter): Name = "Voltage"; Value = "25V"; VariantName = "[No Variations]"
Added Component: Designator=C27A(CAPC1608X07N)
Add component (AddParameter): Name = "MF"; Value = ""; VariantName = "[No Variations]"
Add component (AddParameter): Name = "MPN"; Value = ""; VariantName = "[No Variations]"
Add component (AddParameter): Name = "Supplier 1"; Value = ""; VariantName = "[No Variations]"
Add component (AddParameter): Name = "Supplier 2"; Value = ""; VariantName = "[No Variations]"
Add component (AddParameter): Name = "Supplier Part Number 1"; Value = ""; VariantName = "[No Variations]"
Add component (AddParameter): Name = "Supplier Part Number 2"; Value = ""; VariantName = "[No Variations]"
Add component (AddParameter): Name = "Value"; Value = "1nF"; VariantName = "[No Variations]"
Add component (AddParameter): Name = "Voltage"; Value = "25V"; VariantName = "[No Variations]"
Added Component: Designator=C27B(CAPC1608X07N)
Add component (AddParameter): Name = "MF"; Value = ""; VariantName = "[No Variations]"
Add component (AddParameter): Name = "MPN"; Value = ""; VariantName = "[No Variations]"
Add component (AddParameter): Name = "Supplier 1"; Value = ""; VariantName = "[No Variations]"
Add component (AddParameter): Name = "Supplier 2"; Value = ""; VariantName = "[No Variations]"
Add component (AddParameter): Name = "Supplier Part Number 1"; Value = ""; VariantName = "[No Variations]"
Add component (AddParameter): Name = "Supplier Part Number 2"; Value = ""; VariantName = "[No Variations]"
Add component (AddParameter): Name = "Value"; Value = "1nF"; VariantName = "[No Variations]"
Add component (AddParameter): Name = "Voltage"; Value = "25V"; VariantName = "[No Variations]"
Added Component: Designator=C27C(CAPC1608X07N)
Add component (AddParameter): Name = "MF"; Value = ""; VariantName = "[No Variations]"
Add component (AddParameter): Name = "MPN"; Value = ""; VariantName = "[No Variations]"
Add component (AddParameter): Name = "Supplier 1"; Value = ""; VariantName = "[No Variations]"
Add component (AddParameter): Name = "Supplier 2"; Value = ""; VariantName = "[No Variations]"
Add component (AddParameter): Name = "Supplier Part Number 1"; Value = ""; VariantName = "[No Variations]"
Add component (AddParameter): Name = "Supplier Part Number 2"; Value = ""; VariantName = "[No Variations]"
Add component (AddParameter): Name = "Value"; Value = "1nF"; VariantName = "[No Variations]"
Add component (AddParameter): Name = "Voltage"; Value = "25V"; VariantName = "[No Variations]"
Added Component: Designator=C28A(CAPC1608X07N)
Add component (AddParameter): Name = "MF"; Value = ""; VariantName = "[No Variations]"
Add component (AddParameter): Name = "MPN"; Value = ""; VariantName = "[No Variations]"
Add component (AddParameter): Name = "Supplier 1"; Value = ""; VariantName = "[No Variations]"
Add component (AddParameter): Name = "Supplier 2"; Value = ""; VariantName = "[No Variations]"
Add component (AddParameter): Name = "Supplier Part Number 1"; Value = ""; VariantName = "[No Variations]"
Add component (AddParameter): Name = "Supplier Part Number 2"; Value = ""; VariantName = "[No Variations]"
Add component (AddParameter): Name = "Value"; Value = "1nF"; VariantName = "[No Variations]"
Add component (AddParameter): Name = "Voltage"; Value = "25V"; VariantName = "[No Variations]"
Added Component: Designator=C28B(CAPC1608X07N)
Add component (AddParameter): Name = "MF"; Value = ""; VariantName = "[No Variations]"
Add component (AddParameter): Name = "MPN"; Value = ""; VariantName = "[No Variations]"
Add component (AddParameter): Name = "Supplier 1"; Value = ""; VariantName = "[No Variations]"
Add component (AddParameter): Name = "Supplier 2"; Value = ""; VariantName = "[No Variations]"
Add component (AddParameter): Name = "Supplier Part Number 1"; Value = ""; VariantName = "[No Variations]"
Add component (AddParameter): Name = "Supplier Part Number 2"; Value = ""; VariantName = "[No Variations]"
Add component (AddParameter): Name = "Value"; Value = "1nF"; VariantName = "[No Variations]"
Add component (AddParameter): Name = "Voltage"; Value = "25V"; VariantName = "[No Variations]"
Added Component: Designator=C28C(CAPC1608X07N)
Add component (AddParameter): Name = "MF"; Value = ""; VariantName = "[No Variations]"
Add component (AddParameter): Name = "MPN"; Value = ""; VariantName = "[No Variations]"
Add component (AddParameter): Name = "Supplier 1"; Value = ""; VariantName = "[No Variations]"
Add component (AddParameter): Name = "Supplier 2"; Value = ""; VariantName = "[No Variations]"
Add component (AddParameter): Name = "Supplier Part Number 1"; Value = ""; VariantName = "[No Variations]"
Add component (AddParameter): Name = "Supplier Part Number 2"; Value = ""; VariantName = "[No Variations]"
Add component (AddParameter): Name = "Value"; Value = "1nF"; VariantName = "[No Variations]"
Add component (AddParameter): Name = "Voltage"; Value = "25V"; VariantName = "[No Variations]"
Added Component: Designator=D1A(SOT-23)
Add component (AddParameter): Name = "MF"; Value = "Nexperia"; VariantName = "[No Variations]"
Add component (AddParameter): Name = "MPN"; Value = "BAV99,235"; VariantName = "[No Variations]"
Add component (AddParameter): Name = "Package"; Value = "SOT-23-3"; VariantName = "[No Variations]"
Add component (AddParameter): Name = "Supplier 1"; Value = "Mouser"; VariantName = "[No Variations]"
Add component (AddParameter): Name = "Supplier 2"; Value = "Digi-Key"; VariantName = "[No Variations]"
Add component (AddParameter): Name = "Supplier Part Number 1"; Value = "771-BAV99235"; VariantName = "[No Variations]"
Add component (AddParameter): Name = "Supplier Part Number 2"; Value = "1727-4311-1-ND"; VariantName = "[No Variations]"
Added Component: Designator=D1B(SOT-23)
Add component (AddParameter): Name = "MF"; Value = "Nexperia"; VariantName = "[No Variations]"
Add component (AddParameter): Name = "MPN"; Value = "BAV99,235"; VariantName = "[No Variations]"
Add component (AddParameter): Name = "Package"; Value = "SOT-23-3"; VariantName = "[No Variations]"
Add component (AddParameter): Name = "Supplier 1"; Value = "Mouser"; VariantName = "[No Variations]"
Add component (AddParameter): Name = "Supplier 2"; Value = "Digi-Key"; VariantName = "[No Variations]"
Add component (AddParameter): Name = "Supplier Part Number 1"; Value = "771-BAV99235"; VariantName = "[No Variations]"
Add component (AddParameter): Name = "Supplier Part Number 2"; Value = "1727-4311-1-ND"; VariantName = "[No Variations]"
Added Component: Designator=D1C(SOT-23)
Add component (AddParameter): Name = "MF"; Value = "Nexperia"; VariantName = "[No Variations]"
Add component (AddParameter): Name = "MPN"; Value = "BAV99,235"; VariantName = "[No Variations]"
Add component (AddParameter): Name = "Package"; Value = "SOT-23-3"; VariantName = "[No Variations]"
Add component (AddParameter): Name = "Supplier 1"; Value = "Mouser"; VariantName = "[No Variations]"
Add component (AddParameter): Name = "Supplier 2"; Value = "Digi-Key"; VariantName = "[No Variations]"
Add component (AddParameter): Name = "Supplier Part Number 1"; Value = "771-BAV99235"; VariantName = "[No Variations]"
Add component (AddParameter): Name = "Supplier Part Number 2"; Value = "1727-4311-1-ND"; VariantName = "[No Variations]"
Added Component: Designator=D2A(SOT-23)
Add component (AddParameter): Name = "MF"; Value = "Nexperia"; VariantName = "[No Variations]"
Add component (AddParameter): Name = "MPN"; Value = "BAV99,235"; VariantName = "[No Variations]"
Add component (AddParameter): Name = "Package"; Value = "SOT-23-3"; VariantName = "[No Variations]"
Add component (AddParameter): Name = "Supplier 1"; Value = "Mouser"; VariantName = "[No Variations]"
Add component (AddParameter): Name = "Supplier 2"; Value = "Digi-Key"; VariantName = "[No Variations]"
Add component (AddParameter): Name = "Supplier Part Number 1"; Value = "771-BAV99235"; VariantName = "[No Variations]"
Add component (AddParameter): Name = "Supplier Part Number 2"; Value = "1727-4311-1-ND"; VariantName = "[No Variations]"
Added Component: Designator=D2B(SOT-23)
Add component (AddParameter): Name = "MF"; Value = "Nexperia"; VariantName = "[No Variations]"
Add component (AddParameter): Name = "MPN"; Value = "BAV99,235"; VariantName = "[No Variations]"
Add component (AddParameter): Name = "Package"; Value = "SOT-23-3"; VariantName = "[No Variations]"
Add component (AddParameter): Name = "Supplier 1"; Value = "Mouser"; VariantName = "[No Variations]"
Add component (AddParameter): Name = "Supplier 2"; Value = "Digi-Key"; VariantName = "[No Variations]"
Add component (AddParameter): Name = "Supplier Part Number 1"; Value = "771-BAV99235"; VariantName = "[No Variations]"
Add component (AddParameter): Name = "Supplier Part Number 2"; Value = "1727-4311-1-ND"; VariantName = "[No Variations]"
Added Component: Designator=D2C(SOT-23)
Add component (AddParameter): Name = "MF"; Value = "Nexperia"; VariantName = "[No Variations]"
Add component (AddParameter): Name = "MPN"; Value = "BAV99,235"; VariantName = "[No Variations]"
Add component (AddParameter): Name = "Package"; Value = "SOT-23-3"; VariantName = "[No Variations]"
Add component (AddParameter): Name = "Supplier 1"; Value = "Mouser"; VariantName = "[No Variations]"
Add component (AddParameter): Name = "Supplier 2"; Value = "Digi-Key"; VariantName = "[No Variations]"
Add component (AddParameter): Name = "Supplier Part Number 1"; Value = "771-BAV99235"; VariantName = "[No Variations]"
Add component (AddParameter): Name = "Supplier Part Number 2"; Value = "1727-4311-1-ND"; VariantName = "[No Variations]"
Added Component: Designator=D3A(SOT-23)
Add component (AddParameter): Name = "MF"; Value = "ON Semiconductor"; VariantName = "[No Variations]"
Add component (AddParameter): Name = "MPN"; Value = "SBAS70-04LT1G"; VariantName = "[No Variations]"
Add component (AddParameter): Name = "Package"; Value = "SOT-23-3"; VariantName = "[No Variations]"
Add component (AddParameter): Name = "Supplier 1"; Value = "Mouser"; VariantName = "[No Variations]"
Add component (AddParameter): Name = "Supplier 2"; Value = "Digi-Key"; VariantName = "[No Variations]"
Add component (AddParameter): Name = "Supplier Part Number 1"; Value = "863-SBAS70-04LT1G"; VariantName = "[No Variations]"
Add component (AddParameter): Name = "Supplier Part Number 2"; Value = "SBAS70-04LT1GOSCT-ND"; VariantName = "[No Variations]"
Added Component: Designator=D3B(SOT-23)
Add component (AddParameter): Name = "MF"; Value = "ON Semiconductor"; VariantName = "[No Variations]"
Add component (AddParameter): Name = "MPN"; Value = "SBAS70-04LT1G"; VariantName = "[No Variations]"
Add component (AddParameter): Name = "Package"; Value = "SOT-23-3"; VariantName = "[No Variations]"
Add component (AddParameter): Name = "Supplier 1"; Value = "Mouser"; VariantName = "[No Variations]"
Add component (AddParameter): Name = "Supplier 2"; Value = "Digi-Key"; VariantName = "[No Variations]"
Add component (AddParameter): Name = "Supplier Part Number 1"; Value = "863-SBAS70-04LT1G"; VariantName = "[No Variations]"
Add component (AddParameter): Name = "Supplier Part Number 2"; Value = "SBAS70-04LT1GOSCT-ND"; VariantName = "[No Variations]"
Added Component: Designator=D3C(SOT-23)
Add component (AddParameter): Name = "MF"; Value = "ON Semiconductor"; VariantName = "[No Variations]"
Add component (AddParameter): Name = "MPN"; Value = "SBAS70-04LT1G"; VariantName = "[No Variations]"
Add component (AddParameter): Name = "Package"; Value = "SOT-23-3"; VariantName = "[No Variations]"
Add component (AddParameter): Name = "Supplier 1"; Value = "Mouser"; VariantName = "[No Variations]"
Add component (AddParameter): Name = "Supplier 2"; Value = "Digi-Key"; VariantName = "[No Variations]"
Add component (AddParameter): Name = "Supplier Part Number 1"; Value = "863-SBAS70-04LT1G"; VariantName = "[No Variations]"
Add component (AddParameter): Name = "Supplier Part Number 2"; Value = "SBAS70-04LT1GOSCT-ND"; VariantName = "[No Variations]"
Added Component: Designator=D4A(SOT-23)
Add component (AddParameter): Name = "MF"; Value = "ON Semiconductor"; VariantName = "[No Variations]"
Add component (AddParameter): Name = "MPN"; Value = "SBAS70-04LT1G"; VariantName = "[No Variations]"
Add component (AddParameter): Name = "Package"; Value = "SOT-23-3"; VariantName = "[No Variations]"
Add component (AddParameter): Name = "Supplier 1"; Value = "Mouser"; VariantName = "[No Variations]"
Add component (AddParameter): Name = "Supplier 2"; Value = "Digi-Key"; VariantName = "[No Variations]"
Add component (AddParameter): Name = "Supplier Part Number 1"; Value = "863-SBAS70-04LT1G"; VariantName = "[No Variations]"
Add component (AddParameter): Name = "Supplier Part Number 2"; Value = "SBAS70-04LT1GOSCT-ND"; VariantName = "[No Variations]"
Added Component: Designator=D4B(SOT-23)
Add component (AddParameter): Name = "MF"; Value = "ON Semiconductor"; VariantName = "[No Variations]"
Add component (AddParameter): Name = "MPN"; Value = "SBAS70-04LT1G"; VariantName = "[No Variations]"
Add component (AddParameter): Name = "Package"; Value = "SOT-23-3"; VariantName = "[No Variations]"
Add component (AddParameter): Name = "Supplier 1"; Value = "Mouser"; VariantName = "[No Variations]"
Add component (AddParameter): Name = "Supplier 2"; Value = "Digi-Key"; VariantName = "[No Variations]"
Add component (AddParameter): Name = "Supplier Part Number 1"; Value = "863-SBAS70-04LT1G"; VariantName = "[No Variations]"
Add component (AddParameter): Name = "Supplier Part Number 2"; Value = "SBAS70-04LT1GOSCT-ND"; VariantName = "[No Variations]"
Added Component: Designator=D4C(SOT-23)
Add component (AddParameter): Name = "MF"; Value = "ON Semiconductor"; VariantName = "[No Variations]"
Add component (AddParameter): Name = "MPN"; Value = "SBAS70-04LT1G"; VariantName = "[No Variations]"
Add component (AddParameter): Name = "Package"; Value = "SOT-23-3"; VariantName = "[No Variations]"
Add component (AddParameter): Name = "Supplier 1"; Value = "Mouser"; VariantName = "[No Variations]"
Add component (AddParameter): Name = "Supplier 2"; Value = "Digi-Key"; VariantName = "[No Variations]"
Add component (AddParameter): Name = "Supplier Part Number 1"; Value = "863-SBAS70-04LT1G"; VariantName = "[No Variations]"
Add component (AddParameter): Name = "Supplier Part Number 2"; Value = "SBAS70-04LT1GOSCT-ND"; VariantName = "[No Variations]"
Added Component: Designator=D5A(SOT-23)
Add component (AddParameter): Name = "MF"; Value = "ON Semiconductor"; VariantName = "[No Variations]"
Add component (AddParameter): Name = "MPN"; Value = "SBAS70-04LT1G"; VariantName = "[No Variations]"
Add component (AddParameter): Name = "Package"; Value = "SOT-23-3"; VariantName = "[No Variations]"
Add component (AddParameter): Name = "Supplier 1"; Value = "Mouser"; VariantName = "[No Variations]"
Add component (AddParameter): Name = "Supplier 2"; Value = "Digi-Key"; VariantName = "[No Variations]"
Add component (AddParameter): Name = "Supplier Part Number 1"; Value = "863-SBAS70-04LT1G"; VariantName = "[No Variations]"
Add component (AddParameter): Name = "Supplier Part Number 2"; Value = "SBAS70-04LT1GOSCT-ND"; VariantName = "[No Variations]"
Added Component: Designator=D5B(SOT-23)
Add component (AddParameter): Name = "MF"; Value = "ON Semiconductor"; VariantName = "[No Variations]"
Add component (AddParameter): Name = "MPN"; Value = "SBAS70-04LT1G"; VariantName = "[No Variations]"
Add component (AddParameter): Name = "Package"; Value = "SOT-23-3"; VariantName = "[No Variations]"
Add component (AddParameter): Name = "Supplier 1"; Value = "Mouser"; VariantName = "[No Variations]"
Add component (AddParameter): Name = "Supplier 2"; Value = "Digi-Key"; VariantName = "[No Variations]"
Add component (AddParameter): Name = "Supplier Part Number 1"; Value = "863-SBAS70-04LT1G"; VariantName = "[No Variations]"
Add component (AddParameter): Name = "Supplier Part Number 2"; Value = "SBAS70-04LT1GOSCT-ND"; VariantName = "[No Variations]"
Added Component: Designator=D5C(SOT-23)
Add component (AddParameter): Name = "MF"; Value = "ON Semiconductor"; VariantName = "[No Variations]"
Add component (AddParameter): Name = "MPN"; Value = "SBAS70-04LT1G"; VariantName = "[No Variations]"
Add component (AddParameter): Name = "Package"; Value = "SOT-23-3"; VariantName = "[No Variations]"
Add component (AddParameter): Name = "Supplier 1"; Value = "Mouser"; VariantName = "[No Variations]"
Add component (AddParameter): Name = "Supplier 2"; Value = "Digi-Key"; VariantName = "[No Variations]"
Add component (AddParameter): Name = "Supplier Part Number 1"; Value = "863-SBAS70-04LT1G"; VariantName = "[No Variations]"
Add component (AddParameter): Name = "Supplier Part Number 2"; Value = "SBAS70-04LT1GOSCT-ND"; VariantName = "[No Variations]"
Added Component: Designator=D6A(SOT-23)
Add component (AddParameter): Name = "MF"; Value = "ON Semiconductor"; VariantName = "[No Variations]"
Add component (AddParameter): Name = "MPN"; Value = "SBAS70-04LT1G"; VariantName = "[No Variations]"
Add component (AddParameter): Name = "Package"; Value = "SOT-23-3"; VariantName = "[No Variations]"
Add component (AddParameter): Name = "Supplier 1"; Value = "Mouser"; VariantName = "[No Variations]"
Add component (AddParameter): Name = "Supplier 2"; Value = "Digi-Key"; VariantName = "[No Variations]"
Add component (AddParameter): Name = "Supplier Part Number 1"; Value = "863-SBAS70-04LT1G"; VariantName = "[No Variations]"
Add component (AddParameter): Name = "Supplier Part Number 2"; Value = "SBAS70-04LT1GOSCT-ND"; VariantName = "[No Variations]"
Added Component: Designator=D6B(SOT-23)
Add component (AddParameter): Name = "MF"; Value = "ON Semiconductor"; VariantName = "[No Variations]"
Add component (AddParameter): Name = "MPN"; Value = "SBAS70-04LT1G"; VariantName = "[No Variations]"
Add component (AddParameter): Name = "Package"; Value = "SOT-23-3"; VariantName = "[No Variations]"
Add component (AddParameter): Name = "Supplier 1"; Value = "Mouser"; VariantName = "[No Variations]"
Add component (AddParameter): Name = "Supplier 2"; Value = "Digi-Key"; VariantName = "[No Variations]"
Add component (AddParameter): Name = "Supplier Part Number 1"; Value = "863-SBAS70-04LT1G"; VariantName = "[No Variations]"
Add component (AddParameter): Name = "Supplier Part Number 2"; Value = "SBAS70-04LT1GOSCT-ND"; VariantName = "[No Variations]"
Added Component: Designator=D6C(SOT-23)
Add component (AddParameter): Name = "MF"; Value = "ON Semiconductor"; VariantName = "[No Variations]"
Add component (AddParameter): Name = "MPN"; Value = "SBAS70-04LT1G"; VariantName = "[No Variations]"
Add component (AddParameter): Name = "Package"; Value = "SOT-23-3"; VariantName = "[No Variations]"
Add component (AddParameter): Name = "Supplier 1"; Value = "Mouser"; VariantName = "[No Variations]"
Add component (AddParameter): Name = "Supplier 2"; Value = "Digi-Key"; VariantName = "[No Variations]"
Add component (AddParameter): Name = "Supplier Part Number 1"; Value = "863-SBAS70-04LT1G"; VariantName = "[No Variations]"
Add component (AddParameter): Name = "Supplier Part Number 2"; Value = "SBAS70-04LT1GOSCT-ND"; VariantName = "[No Variations]"
Add Component: Footprint Not Found WL-SMCW_0603
Add Component: Footprint Not Found WL-SMCW_0603
Add Component: Footprint Not Found WL-SMCW_0603
Added Component: Designator=Q1A(SOT-23)
Add component (AddParameter): Name = "MF"; Value = "ON Semiconductor"; VariantName = "[No Variations]"
Add component (AddParameter): Name = "MPN"; Value = "BC846BLT3G"; VariantName = "[No Variations]"
Add component (AddParameter): Name = "Package"; Value = "SOT-23-3"; VariantName = "[No Variations]"
Add component (AddParameter): Name = "Supplier 1"; Value = "Mouser"; VariantName = "[No Variations]"
Add component (AddParameter): Name = "Supplier 2"; Value = "Digi-Key"; VariantName = "[No Variations]"
Add component (AddParameter): Name = "Supplier Part Number 1"; Value = "863-BC846BLT3G"; VariantName = "[No Variations]"
Add component (AddParameter): Name = "Supplier Part Number 2"; Value = "BC846BLT3GOSCT-ND"; VariantName = "[No Variations]"
Added Component: Designator=Q1B(SOT-23)
Add component (AddParameter): Name = "MF"; Value = "ON Semiconductor"; VariantName = "[No Variations]"
Add component (AddParameter): Name = "MPN"; Value = "BC846BLT3G"; VariantName = "[No Variations]"
Add component (AddParameter): Name = "Package"; Value = "SOT-23-3"; VariantName = "[No Variations]"
Add component (AddParameter): Name = "Supplier 1"; Value = "Mouser"; VariantName = "[No Variations]"
Add component (AddParameter): Name = "Supplier 2"; Value = "Digi-Key"; VariantName = "[No Variations]"
Add component (AddParameter): Name = "Supplier Part Number 1"; Value = "863-BC846BLT3G"; VariantName = "[No Variations]"
Add component (AddParameter): Name = "Supplier Part Number 2"; Value = "BC846BLT3GOSCT-ND"; VariantName = "[No Variations]"
Added Component: Designator=Q1C(SOT-23)
Add component (AddParameter): Name = "MF"; Value = "ON Semiconductor"; VariantName = "[No Variations]"
Add component (AddParameter): Name = "MPN"; Value = "BC846BLT3G"; VariantName = "[No Variations]"
Add component (AddParameter): Name = "Package"; Value = "SOT-23-3"; VariantName = "[No Variations]"
Add component (AddParameter): Name = "Supplier 1"; Value = "Mouser"; VariantName = "[No Variations]"
Add component (AddParameter): Name = "Supplier 2"; Value = "Digi-Key"; VariantName = "[No Variations]"
Add component (AddParameter): Name = "Supplier Part Number 1"; Value = "863-BC846BLT3G"; VariantName = "[No Variations]"
Add component (AddParameter): Name = "Supplier Part Number 2"; Value = "BC846BLT3GOSCT-ND"; VariantName = "[No Variations]"
Added Component: Designator=Q2A(SOT-23)
Add component (AddParameter): Name = "MF"; Value = "Nexperia"; VariantName = "[No Variations]"
Add component (AddParameter): Name = "MPN"; Value = "BC856B,215"; VariantName = "[No Variations]"
Add component (AddParameter): Name = "Package"; Value = "SOT-23-3"; VariantName = "[No Variations]"
Add component (AddParameter): Name = "Supplier 1"; Value = "Mouser"; VariantName = "[No Variations]"
Add component (AddParameter): Name = "Supplier 2"; Value = "Digi-Key"; VariantName = "[No Variations]"
Add component (AddParameter): Name = "Supplier Part Number 1"; Value = "771-BC856B-T/R"; VariantName = "[No Variations]"
Add component (AddParameter): Name = "Supplier Part Number 2"; Value = "1727-2925-1-ND"; VariantName = "[No Variations]"
Added Component: Designator=Q2B(SOT-23)
Add component (AddParameter): Name = "MF"; Value = "Nexperia"; VariantName = "[No Variations]"
Add component (AddParameter): Name = "MPN"; Value = "BC856B,215"; VariantName = "[No Variations]"
Add component (AddParameter): Name = "Package"; Value = "SOT-23-3"; VariantName = "[No Variations]"
Add component (AddParameter): Name = "Supplier 1"; Value = "Mouser"; VariantName = "[No Variations]"
Add component (AddParameter): Name = "Supplier 2"; Value = "Digi-Key"; VariantName = "[No Variations]"
Add component (AddParameter): Name = "Supplier Part Number 1"; Value = "771-BC856B-T/R"; VariantName = "[No Variations]"
Add component (AddParameter): Name = "Supplier Part Number 2"; Value = "1727-2925-1-ND"; VariantName = "[No Variations]"
Added Component: Designator=Q2C(SOT-23)
Add component (AddParameter): Name = "MF"; Value = "Nexperia"; VariantName = "[No Variations]"
Add component (AddParameter): Name = "MPN"; Value = "BC856B,215"; VariantName = "[No Variations]"
Add component (AddParameter): Name = "Package"; Value = "SOT-23-3"; VariantName = "[No Variations]"
Add component (AddParameter): Name = "Supplier 1"; Value = "Mouser"; VariantName = "[No Variations]"
Add component (AddParameter): Name = "Supplier 2"; Value = "Digi-Key"; VariantName = "[No Variations]"
Add component (AddParameter): Name = "Supplier Part Number 1"; Value = "771-BC856B-T/R"; VariantName = "[No Variations]"
Add component (AddParameter): Name = "Supplier Part Number 2"; Value = "1727-2925-1-ND"; VariantName = "[No Variations]"
Added Component: Designator=Q3A(SOT-23)
Add component (AddParameter): Name = "MF"; Value = "ON Semiconductor"; VariantName = "[No Variations]"
Add component (AddParameter): Name = "MPN"; Value = "BC846BLT3G"; VariantName = "[No Variations]"
Add component (AddParameter): Name = "Package"; Value = "SOT-23-3"; VariantName = "[No Variations]"
Add component (AddParameter): Name = "Supplier 1"; Value = "Mouser"; VariantName = "[No Variations]"
Add component (AddParameter): Name = "Supplier 2"; Value = "Digi-Key"; VariantName = "[No Variations]"
Add component (AddParameter): Name = "Supplier Part Number 1"; Value = "863-BC846BLT3G"; VariantName = "[No Variations]"
Add component (AddParameter): Name = "Supplier Part Number 2"; Value = "BC846BLT3GOSCT-ND"; VariantName = "[No Variations]"
Added Component: Designator=Q3B(SOT-23)
Add component (AddParameter): Name = "MF"; Value = "ON Semiconductor"; VariantName = "[No Variations]"
Add component (AddParameter): Name = "MPN"; Value = "BC846BLT3G"; VariantName = "[No Variations]"
Add component (AddParameter): Name = "Package"; Value = "SOT-23-3"; VariantName = "[No Variations]"
Add component (AddParameter): Name = "Supplier 1"; Value = "Mouser"; VariantName = "[No Variations]"
Add component (AddParameter): Name = "Supplier 2"; Value = "Digi-Key"; VariantName = "[No Variations]"
Add component (AddParameter): Name = "Supplier Part Number 1"; Value = "863-BC846BLT3G"; VariantName = "[No Variations]"
Add component (AddParameter): Name = "Supplier Part Number 2"; Value = "BC846BLT3GOSCT-ND"; VariantName = "[No Variations]"
Added Component: Designator=Q3C(SOT-23)
Add component (AddParameter): Name = "MF"; Value = "ON Semiconductor"; VariantName = "[No Variations]"
Add component (AddParameter): Name = "MPN"; Value = "BC846BLT3G"; VariantName = "[No Variations]"
Add component (AddParameter): Name = "Package"; Value = "SOT-23-3"; VariantName = "[No Variations]"
Add component (AddParameter): Name = "Supplier 1"; Value = "Mouser"; VariantName = "[No Variations]"
Add component (AddParameter): Name = "Supplier 2"; Value = "Digi-Key"; VariantName = "[No Variations]"
Add component (AddParameter): Name = "Supplier Part Number 1"; Value = "863-BC846BLT3G"; VariantName = "[No Variations]"
Add component (AddParameter): Name = "Supplier Part Number 2"; Value = "BC846BLT3GOSCT-ND"; VariantName = "[No Variations]"
Added Component: Designator=Q4A(SOT-23)
Add component (AddParameter): Name = "MF"; Value = "Nexperia"; VariantName = "[No Variations]"
Add component (AddParameter): Name = "MPN"; Value = "BC856B,215"; VariantName = "[No Variations]"
Add component (AddParameter): Name = "Package"; Value = "SOT-23-3"; VariantName = "[No Variations]"
Add component (AddParameter): Name = "Supplier 1"; Value = "Mouser"; VariantName = "[No Variations]"
Add component (AddParameter): Name = "Supplier 2"; Value = "Digi-Key"; VariantName = "[No Variations]"
Add component (AddParameter): Name = "Supplier Part Number 1"; Value = "771-BC856B-T/R"; VariantName = "[No Variations]"
Add component (AddParameter): Name = "Supplier Part Number 2"; Value = "1727-2925-1-ND"; VariantName = "[No Variations]"
Added Component: Designator=Q4B(SOT-23)
Add component (AddParameter): Name = "MF"; Value = "Nexperia"; VariantName = "[No Variations]"
Add component (AddParameter): Name = "MPN"; Value = "BC856B,215"; VariantName = "[No Variations]"
Add component (AddParameter): Name = "Package"; Value = "SOT-23-3"; VariantName = "[No Variations]"
Add component (AddParameter): Name = "Supplier 1"; Value = "Mouser"; VariantName = "[No Variations]"
Add component (AddParameter): Name = "Supplier 2"; Value = "Digi-Key"; VariantName = "[No Variations]"
Add component (AddParameter): Name = "Supplier Part Number 1"; Value = "771-BC856B-T/R"; VariantName = "[No Variations]"
Add component (AddParameter): Name = "Supplier Part Number 2"; Value = "1727-2925-1-ND"; VariantName = "[No Variations]"
Added Component: Designator=Q4C(SOT-23)
Add component (AddParameter): Name = "MF"; Value = "Nexperia"; VariantName = "[No Variations]"
Add component (AddParameter): Name = "MPN"; Value = "BC856B,215"; VariantName = "[No Variations]"
Add component (AddParameter): Name = "Package"; Value = "SOT-23-3"; VariantName = "[No Variations]"
Add component (AddParameter): Name = "Supplier 1"; Value = "Mouser"; VariantName = "[No Variations]"
Add component (AddParameter): Name = "Supplier 2"; Value = "Digi-Key"; VariantName = "[No Variations]"
Add component (AddParameter): Name = "Supplier Part Number 1"; Value = "771-BC856B-T/R"; VariantName = "[No Variations]"
Add component (AddParameter): Name = "Supplier Part Number 2"; Value = "1727-2925-1-ND"; VariantName = "[No Variations]"
Added Component: Designator=R3(RESC1608X06N)
Add component (AddParameter): Name = "MF"; Value = "Vishay / Dale"; VariantName = "[No Variations]"
Add component (AddParameter): Name = "MPN"; Value = "CRCW060324K9FKEAC"; VariantName = "[No Variations]"
Add component (AddParameter): Name = "Package"; Value = "0603"; VariantName = "[No Variations]"
Add component (AddParameter): Name = "Supplier 1"; Value = "Mouser"; VariantName = "[No Variations]"
Add component (AddParameter): Name = "Supplier Part Number 1"; Value = "71-CRCW060324K9FKEAC"; VariantName = "[No Variations]"
Add component (AddParameter): Name = "Value"; Value = "24.9k"; VariantName = "[No Variations]"
Added Component: Designator=R4(RESC1608X06N)
Add component (AddParameter): Name = "MF"; Value = "Vishay / Dale"; VariantName = "[No Variations]"
Add component (AddParameter): Name = "MPN"; Value = "CRCW060324K9FKEAC"; VariantName = "[No Variations]"
Add component (AddParameter): Name = "Package"; Value = "0603"; VariantName = "[No Variations]"
Add component (AddParameter): Name = "Supplier 1"; Value = "Mouser"; VariantName = "[No Variations]"
Add component (AddParameter): Name = "Supplier Part Number 1"; Value = "71-CRCW060324K9FKEAC"; VariantName = "[No Variations]"
Add component (AddParameter): Name = "Value"; Value = "3.01k"; VariantName = "[No Variations]"
Added Component: Designator=R5(RESC1608X06N)
Add component (AddParameter): Name = "MF"; Value = "Vishay / Dale"; VariantName = "[No Variations]"
Add component (AddParameter): Name = "MPN"; Value = "CRCW060324K9FKEAC"; VariantName = "[No Variations]"
Add component (AddParameter): Name = "Package"; Value = "0603"; VariantName = "[No Variations]"
Add component (AddParameter): Name = "Supplier 1"; Value = "Mouser"; VariantName = "[No Variations]"
Add component (AddParameter): Name = "Supplier Part Number 1"; Value = "71-CRCW060324K9FKEAC"; VariantName = "[No Variations]"
Add component (AddParameter): Name = "Value"; Value = "1.3k"; VariantName = "[No Variations]"
Added Component: Designator=R6A(RESC1608X06N)
Add component (AddParameter): Name = "MF"; Value = "Vishay"; VariantName = "[No Variations]"
Add component (AddParameter): Name = "MPN"; Value = "CRCW06030000Z0EAC"; VariantName = "[No Variations]"
Add component (AddParameter): Name = "Supplier 1"; Value = "Mouser"; VariantName = "[No Variations]"
Add component (AddParameter): Name = "Supplier Part Number 1"; Value = "71-CRCW06030000Z0EAC"; VariantName = "[No Variations]"
Add component (AddParameter): Name = "Value"; Value = "10k"; VariantName = "[No Variations]"
Added Component: Designator=R6B(RESC1608X06N)
Add component (AddParameter): Name = "MF"; Value = "Vishay"; VariantName = "[No Variations]"
Add component (AddParameter): Name = "MPN"; Value = "CRCW06030000Z0EAC"; VariantName = "[No Variations]"
Add component (AddParameter): Name = "Supplier 1"; Value = "Mouser"; VariantName = "[No Variations]"
Add component (AddParameter): Name = "Supplier Part Number 1"; Value = "71-CRCW06030000Z0EAC"; VariantName = "[No Variations]"
Add component (AddParameter): Name = "Value"; Value = "10k"; VariantName = "[No Variations]"
Added Component: Designator=R6C(RESC1608X06N)
Add component (AddParameter): Name = "MF"; Value = "Vishay"; VariantName = "[No Variations]"
Add component (AddParameter): Name = "MPN"; Value = "CRCW06030000Z0EAC"; VariantName = "[No Variations]"
Add component (AddParameter): Name = "Supplier 1"; Value = "Mouser"; VariantName = "[No Variations]"
Add component (AddParameter): Name = "Supplier Part Number 1"; Value = "71-CRCW06030000Z0EAC"; VariantName = "[No Variations]"
Add component (AddParameter): Name = "Value"; Value = "10k"; VariantName = "[No Variations]"
Added Component: Designator=R7A(RESC1608X06N)
Add component (AddParameter): Name = "MF"; Value = "Vishay"; VariantName = "[No Variations]"
Add component (AddParameter): Name = "MPN"; Value = "CRCW06030000Z0EAC"; VariantName = "[No Variations]"
Add component (AddParameter): Name = "Supplier 1"; Value = "Mouser"; VariantName = "[No Variations]"
Add component (AddParameter): Name = "Supplier Part Number 1"; Value = "71-CRCW06030000Z0EAC"; VariantName = "[No Variations]"
Add component (AddParameter): Name = "Value"; Value = "10k"; VariantName = "[No Variations]"
Added Component: Designator=R7B(RESC1608X06N)
Add component (AddParameter): Name = "MF"; Value = "Vishay"; VariantName = "[No Variations]"
Add component (AddParameter): Name = "MPN"; Value = "CRCW06030000Z0EAC"; VariantName = "[No Variations]"
Add component (AddParameter): Name = "Supplier 1"; Value = "Mouser"; VariantName = "[No Variations]"
Add component (AddParameter): Name = "Supplier Part Number 1"; Value = "71-CRCW06030000Z0EAC"; VariantName = "[No Variations]"
Add component (AddParameter): Name = "Value"; Value = "10k"; VariantName = "[No Variations]"
Added Component: Designator=R7C(RESC1608X06N)
Add component (AddParameter): Name = "MF"; Value = "Vishay"; VariantName = "[No Variations]"
Add component (AddParameter): Name = "MPN"; Value = "CRCW06030000Z0EAC"; VariantName = "[No Variations]"
Add component (AddParameter): Name = "Supplier 1"; Value = "Mouser"; VariantName = "[No Variations]"
Add component (AddParameter): Name = "Supplier Part Number 1"; Value = "71-CRCW06030000Z0EAC"; VariantName = "[No Variations]"
Add component (AddParameter): Name = "Value"; Value = "10k"; VariantName = "[No Variations]"
Added Component: Designator=R8A(RESC1608X06N)
Add component (AddParameter): Name = "MF"; Value = "Vishay"; VariantName = "[No Variations]"
Add component (AddParameter): Name = "MPN"; Value = "CRCW06030000Z0EAC"; VariantName = "[No Variations]"
Add component (AddParameter): Name = "Supplier 1"; Value = "Mouser"; VariantName = "[No Variations]"
Add component (AddParameter): Name = "Supplier Part Number 1"; Value = "71-CRCW06030000Z0EAC"; VariantName = "[No Variations]"
Add component (AddParameter): Name = "Value"; Value = "15k"; VariantName = "[No Variations]"
Added Component: Designator=R8B(RESC1608X06N)
Add component (AddParameter): Name = "MF"; Value = "Vishay"; VariantName = "[No Variations]"
Add component (AddParameter): Name = "MPN"; Value = "CRCW06030000Z0EAC"; VariantName = "[No Variations]"
Add component (AddParameter): Name = "Supplier 1"; Value = "Mouser"; VariantName = "[No Variations]"
Add component (AddParameter): Name = "Supplier Part Number 1"; Value = "71-CRCW06030000Z0EAC"; VariantName = "[No Variations]"
Add component (AddParameter): Name = "Value"; Value = "15k"; VariantName = "[No Variations]"
Added Component: Designator=R8C(RESC1608X06N)
Add component (AddParameter): Name = "MF"; Value = "Vishay"; VariantName = "[No Variations]"
Add component (AddParameter): Name = "MPN"; Value = "CRCW06030000Z0EAC"; VariantName = "[No Variations]"
Add component (AddParameter): Name = "Supplier 1"; Value = "Mouser"; VariantName = "[No Variations]"
Add component (AddParameter): Name = "Supplier Part Number 1"; Value = "71-CRCW06030000Z0EAC"; VariantName = "[No Variations]"
Add component (AddParameter): Name = "Value"; Value = "15k"; VariantName = "[No Variations]"
Added Component: Designator=R9A(RESC1608X06N)
Add component (AddParameter): Name = "MF"; Value = "Vishay"; VariantName = "[No Variations]"
Add component (AddParameter): Name = "MPN"; Value = "CRCW06030000Z0EAC"; VariantName = "[No Variations]"
Add component (AddParameter): Name = "Supplier 1"; Value = "Mouser"; VariantName = "[No Variations]"
Add component (AddParameter): Name = "Supplier Part Number 1"; Value = "71-CRCW06030000Z0EAC"; VariantName = "[No Variations]"
Add component (AddParameter): Name = "Value"; Value = "10k"; VariantName = "[No Variations]"
Added Component: Designator=R9B(RESC1608X06N)
Add component (AddParameter): Name = "MF"; Value = "Vishay"; VariantName = "[No Variations]"
Add component (AddParameter): Name = "MPN"; Value = "CRCW06030000Z0EAC"; VariantName = "[No Variations]"
Add component (AddParameter): Name = "Supplier 1"; Value = "Mouser"; VariantName = "[No Variations]"
Add component (AddParameter): Name = "Supplier Part Number 1"; Value = "71-CRCW06030000Z0EAC"; VariantName = "[No Variations]"
Add component (AddParameter): Name = "Value"; Value = "10k"; VariantName = "[No Variations]"
Added Component: Designator=R9C(RESC1608X06N)
Add component (AddParameter): Name = "MF"; Value = "Vishay"; VariantName = "[No Variations]"
Add component (AddParameter): Name = "MPN"; Value = "CRCW06030000Z0EAC"; VariantName = "[No Variations]"
Add component (AddParameter): Name = "Supplier 1"; Value = "Mouser"; VariantName = "[No Variations]"
Add component (AddParameter): Name = "Supplier Part Number 1"; Value = "71-CRCW06030000Z0EAC"; VariantName = "[No Variations]"
Add component (AddParameter): Name = "Value"; Value = "10k"; VariantName = "[No Variations]"
Added Component: Designator=R10A(RESC1608X06N)
Add component (AddParameter): Name = "MF"; Value = "Vishay"; VariantName = "[No Variations]"
Add component (AddParameter): Name = "MPN"; Value = "CRCW06030000Z0EAC"; VariantName = "[No Variations]"
Add component (AddParameter): Name = "Supplier 1"; Value = "Mouser"; VariantName = "[No Variations]"
Add component (AddParameter): Name = "Supplier Part Number 1"; Value = "71-CRCW06030000Z0EAC"; VariantName = "[No Variations]"
Add component (AddParameter): Name = "Value"; Value = "10k"; VariantName = "[No Variations]"
Added Component: Designator=R10B(RESC1608X06N)
Add component (AddParameter): Name = "MF"; Value = "Vishay"; VariantName = "[No Variations]"
Add component (AddParameter): Name = "MPN"; Value = "CRCW06030000Z0EAC"; VariantName = "[No Variations]"
Add component (AddParameter): Name = "Supplier 1"; Value = "Mouser"; VariantName = "[No Variations]"
Add component (AddParameter): Name = "Supplier Part Number 1"; Value = "71-CRCW06030000Z0EAC"; VariantName = "[No Variations]"
Add component (AddParameter): Name = "Value"; Value = "10k"; VariantName = "[No Variations]"
Added Component: Designator=R10C(RESC1608X06N)
Add component (AddParameter): Name = "MF"; Value = "Vishay"; VariantName = "[No Variations]"
Add component (AddParameter): Name = "MPN"; Value = "CRCW06030000Z0EAC"; VariantName = "[No Variations]"
Add component (AddParameter): Name = "Supplier 1"; Value = "Mouser"; VariantName = "[No Variations]"
Add component (AddParameter): Name = "Supplier Part Number 1"; Value = "71-CRCW06030000Z0EAC"; VariantName = "[No Variations]"
Add component (AddParameter): Name = "Value"; Value = "10k"; VariantName = "[No Variations]"
Added Component: Designator=R11A(RESC1608X06N)
Add component (AddParameter): Name = "MF"; Value = "Vishay"; VariantName = "[No Variations]"
Add component (AddParameter): Name = "MPN"; Value = "CRCW06030000Z0EAC"; VariantName = "[No Variations]"
Add component (AddParameter): Name = "Supplier 1"; Value = "Mouser"; VariantName = "[No Variations]"
Add component (AddParameter): Name = "Supplier Part Number 1"; Value = "71-CRCW06030000Z0EAC"; VariantName = "[No Variations]"
Add component (AddParameter): Name = "Value"; Value = "10k"; VariantName = "[No Variations]"
Added Component: Designator=R11B(RESC1608X06N)
Add component (AddParameter): Name = "MF"; Value = "Vishay"; VariantName = "[No Variations]"
Add component (AddParameter): Name = "MPN"; Value = "CRCW06030000Z0EAC"; VariantName = "[No Variations]"
Add component (AddParameter): Name = "Supplier 1"; Value = "Mouser"; VariantName = "[No Variations]"
Add component (AddParameter): Name = "Supplier Part Number 1"; Value = "71-CRCW06030000Z0EAC"; VariantName = "[No Variations]"
Add component (AddParameter): Name = "Value"; Value = "10k"; VariantName = "[No Variations]"
Added Component: Designator=R11C(RESC1608X06N)
Add component (AddParameter): Name = "MF"; Value = "Vishay"; VariantName = "[No Variations]"
Add component (AddParameter): Name = "MPN"; Value = "CRCW06030000Z0EAC"; VariantName = "[No Variations]"
Add component (AddParameter): Name = "Supplier 1"; Value = "Mouser"; VariantName = "[No Variations]"
Add component (AddParameter): Name = "Supplier Part Number 1"; Value = "71-CRCW06030000Z0EAC"; VariantName = "[No Variations]"
Add component (AddParameter): Name = "Value"; Value = "10k"; VariantName = "[No Variations]"
Added Component: Designator=R12A(RESC1608X06N)
Add component (AddParameter): Name = "MF"; Value = "Vishay"; VariantName = "[No Variations]"
Add component (AddParameter): Name = "MPN"; Value = "CRCW06030000Z0EAC"; VariantName = "[No Variations]"
Add component (AddParameter): Name = "Supplier 1"; Value = "Mouser"; VariantName = "[No Variations]"
Add component (AddParameter): Name = "Supplier Part Number 1"; Value = "71-CRCW06030000Z0EAC"; VariantName = "[No Variations]"
Add component (AddParameter): Name = "Value"; Value = "10k"; VariantName = "[No Variations]"
Added Component: Designator=R12B(RESC1608X06N)
Add component (AddParameter): Name = "MF"; Value = "Vishay"; VariantName = "[No Variations]"
Add component (AddParameter): Name = "MPN"; Value = "CRCW06030000Z0EAC"; VariantName = "[No Variations]"
Add component (AddParameter): Name = "Supplier 1"; Value = "Mouser"; VariantName = "[No Variations]"
Add component (AddParameter): Name = "Supplier Part Number 1"; Value = "71-CRCW06030000Z0EAC"; VariantName = "[No Variations]"
Add component (AddParameter): Name = "Value"; Value = "10k"; VariantName = "[No Variations]"
Added Component: Designator=R12C(RESC1608X06N)
Add component (AddParameter): Name = "MF"; Value = "Vishay"; VariantName = "[No Variations]"
Add component (AddParameter): Name = "MPN"; Value = "CRCW06030000Z0EAC"; VariantName = "[No Variations]"
Add component (AddParameter): Name = "Supplier 1"; Value = "Mouser"; VariantName = "[No Variations]"
Add component (AddParameter): Name = "Supplier Part Number 1"; Value = "71-CRCW06030000Z0EAC"; VariantName = "[No Variations]"
Add component (AddParameter): Name = "Value"; Value = "10k"; VariantName = "[No Variations]"
Added Component: Designator=R13A(RESC1608X06N)
Add component (AddParameter): Name = "MF"; Value = "Vishay"; VariantName = "[No Variations]"
Add component (AddParameter): Name = "MPN"; Value = "CRCW06030000Z0EAC"; VariantName = "[No Variations]"
Add component (AddParameter): Name = "Supplier 1"; Value = "Mouser"; VariantName = "[No Variations]"
Add component (AddParameter): Name = "Supplier Part Number 1"; Value = "71-CRCW06030000Z0EAC"; VariantName = "[No Variations]"
Add component (AddParameter): Name = "Value"; Value = "15k"; VariantName = "[No Variations]"
Added Component: Designator=R13B(RESC1608X06N)
Add component (AddParameter): Name = "MF"; Value = "Vishay"; VariantName = "[No Variations]"
Add component (AddParameter): Name = "MPN"; Value = "CRCW06030000Z0EAC"; VariantName = "[No Variations]"
Add component (AddParameter): Name = "Supplier 1"; Value = "Mouser"; VariantName = "[No Variations]"
Add component (AddParameter): Name = "Supplier Part Number 1"; Value = "71-CRCW06030000Z0EAC"; VariantName = "[No Variations]"
Add component (AddParameter): Name = "Value"; Value = "15k"; VariantName = "[No Variations]"
Added Component: Designator=R13C(RESC1608X06N)
Add component (AddParameter): Name = "MF"; Value = "Vishay"; VariantName = "[No Variations]"
Add component (AddParameter): Name = "MPN"; Value = "CRCW06030000Z0EAC"; VariantName = "[No Variations]"
Add component (AddParameter): Name = "Supplier 1"; Value = "Mouser"; VariantName = "[No Variations]"
Add component (AddParameter): Name = "Supplier Part Number 1"; Value = "71-CRCW06030000Z0EAC"; VariantName = "[No Variations]"
Add component (AddParameter): Name = "Value"; Value = "15k"; VariantName = "[No Variations]"
Added Component: Designator=R14A(RESC1608X06N)
Add component (AddParameter): Name = "MF"; Value = "Vishay"; VariantName = "[No Variations]"
Add component (AddParameter): Name = "MPN"; Value = "CRCW06030000Z0EAC"; VariantName = "[No Variations]"
Add component (AddParameter): Name = "Supplier 1"; Value = "Mouser"; VariantName = "[No Variations]"
Add component (AddParameter): Name = "Supplier Part Number 1"; Value = "71-CRCW06030000Z0EAC"; VariantName = "[No Variations]"
Add component (AddParameter): Name = "Value"; Value = "10k"; VariantName = "[No Variations]"
Added Component: Designator=R14B(RESC1608X06N)
Add component (AddParameter): Name = "MF"; Value = "Vishay"; VariantName = "[No Variations]"
Add component (AddParameter): Name = "MPN"; Value = "CRCW06030000Z0EAC"; VariantName = "[No Variations]"
Add component (AddParameter): Name = "Supplier 1"; Value = "Mouser"; VariantName = "[No Variations]"
Add component (AddParameter): Name = "Supplier Part Number 1"; Value = "71-CRCW06030000Z0EAC"; VariantName = "[No Variations]"
Add component (AddParameter): Name = "Value"; Value = "10k"; VariantName = "[No Variations]"
Added Component: Designator=R14C(RESC1608X06N)
Add component (AddParameter): Name = "MF"; Value = "Vishay"; VariantName = "[No Variations]"
Add component (AddParameter): Name = "MPN"; Value = "CRCW06030000Z0EAC"; VariantName = "[No Variations]"
Add component (AddParameter): Name = "Supplier 1"; Value = "Mouser"; VariantName = "[No Variations]"
Add component (AddParameter): Name = "Supplier Part Number 1"; Value = "71-CRCW06030000Z0EAC"; VariantName = "[No Variations]"
Add component (AddParameter): Name = "Value"; Value = "10k"; VariantName = "[No Variations]"
Added Component: Designator=R15A(RESC1608X06N)
Add component (AddParameter): Name = "MF"; Value = "Vishay"; VariantName = "[No Variations]"
Add component (AddParameter): Name = "MPN"; Value = "CRCW06030000Z0EAC"; VariantName = "[No Variations]"
Add component (AddParameter): Name = "Supplier 1"; Value = "Mouser"; VariantName = "[No Variations]"
Add component (AddParameter): Name = "Supplier Part Number 1"; Value = "71-CRCW06030000Z0EAC"; VariantName = "[No Variations]"
Add component (AddParameter): Name = "Value"; Value = "10k"; VariantName = "[No Variations]"
Added Component: Designator=R15B(RESC1608X06N)
Add component (AddParameter): Name = "MF"; Value = "Vishay"; VariantName = "[No Variations]"
Add component (AddParameter): Name = "MPN"; Value = "CRCW06030000Z0EAC"; VariantName = "[No Variations]"
Add component (AddParameter): Name = "Supplier 1"; Value = "Mouser"; VariantName = "[No Variations]"
Add component (AddParameter): Name = "Supplier Part Number 1"; Value = "71-CRCW06030000Z0EAC"; VariantName = "[No Variations]"
Add component (AddParameter): Name = "Value"; Value = "10k"; VariantName = "[No Variations]"
Added Component: Designator=R15C(RESC1608X06N)
Add component (AddParameter): Name = "MF"; Value = "Vishay"; VariantName = "[No Variations]"
Add component (AddParameter): Name = "MPN"; Value = "CRCW06030000Z0EAC"; VariantName = "[No Variations]"
Add component (AddParameter): Name = "Supplier 1"; Value = "Mouser"; VariantName = "[No Variations]"
Add component (AddParameter): Name = "Supplier Part Number 1"; Value = "71-CRCW06030000Z0EAC"; VariantName = "[No Variations]"
Add component (AddParameter): Name = "Value"; Value = "10k"; VariantName = "[No Variations]"
Added Component: Designator=R16A(RESC1608X06N)
Add component (AddParameter): Name = "MF"; Value = "Vishay"; VariantName = "[No Variations]"
Add component (AddParameter): Name = "MPN"; Value = "CRCW06030000Z0EAC"; VariantName = "[No Variations]"
Add component (AddParameter): Name = "Supplier 1"; Value = "Mouser"; VariantName = "[No Variations]"
Add component (AddParameter): Name = "Supplier Part Number 1"; Value = "71-CRCW06030000Z0EAC"; VariantName = "[No Variations]"
Add component (AddParameter): Name = "Value"; Value = "10k"; VariantName = "[No Variations]"
Added Component: Designator=R16B(RESC1608X06N)
Add component (AddParameter): Name = "MF"; Value = "Vishay"; VariantName = "[No Variations]"
Add component (AddParameter): Name = "MPN"; Value = "CRCW06030000Z0EAC"; VariantName = "[No Variations]"
Add component (AddParameter): Name = "Supplier 1"; Value = "Mouser"; VariantName = "[No Variations]"
Add component (AddParameter): Name = "Supplier Part Number 1"; Value = "71-CRCW06030000Z0EAC"; VariantName = "[No Variations]"
Add component (AddParameter): Name = "Value"; Value = "10k"; VariantName = "[No Variations]"
Added Component: Designator=R16C(RESC1608X06N)
Add component (AddParameter): Name = "MF"; Value = "Vishay"; VariantName = "[No Variations]"
Add component (AddParameter): Name = "MPN"; Value = "CRCW06030000Z0EAC"; VariantName = "[No Variations]"
Add component (AddParameter): Name = "Supplier 1"; Value = "Mouser"; VariantName = "[No Variations]"
Add component (AddParameter): Name = "Supplier Part Number 1"; Value = "71-CRCW06030000Z0EAC"; VariantName = "[No Variations]"
Add component (AddParameter): Name = "Value"; Value = "10k"; VariantName = "[No Variations]"
Added Component: Designator=R17A(RESC1608X06N)
Add component (AddParameter): Name = "MF"; Value = "Vishay"; VariantName = "[No Variations]"
Add component (AddParameter): Name = "MPN"; Value = "CRCW06030000Z0EAC"; VariantName = "[No Variations]"
Add component (AddParameter): Name = "Supplier 1"; Value = "Mouser"; VariantName = "[No Variations]"
Add component (AddParameter): Name = "Supplier Part Number 1"; Value = "71-CRCW06030000Z0EAC"; VariantName = "[No Variations]"
Add component (AddParameter): Name = "Value"; Value = "10k"; VariantName = "[No Variations]"
Added Component: Designator=R17B(RESC1608X06N)
Add component (AddParameter): Name = "MF"; Value = "Vishay"; VariantName = "[No Variations]"
Add component (AddParameter): Name = "MPN"; Value = "CRCW06030000Z0EAC"; VariantName = "[No Variations]"
Add component (AddParameter): Name = "Supplier 1"; Value = "Mouser"; VariantName = "[No Variations]"
Add component (AddParameter): Name = "Supplier Part Number 1"; Value = "71-CRCW06030000Z0EAC"; VariantName = "[No Variations]"
Add component (AddParameter): Name = "Value"; Value = "10k"; VariantName = "[No Variations]"
Added Component: Designator=R17C(RESC1608X06N)
Add component (AddParameter): Name = "MF"; Value = "Vishay"; VariantName = "[No Variations]"
Add component (AddParameter): Name = "MPN"; Value = "CRCW06030000Z0EAC"; VariantName = "[No Variations]"
Add component (AddParameter): Name = "Supplier 1"; Value = "Mouser"; VariantName = "[No Variations]"
Add component (AddParameter): Name = "Supplier Part Number 1"; Value = "71-CRCW06030000Z0EAC"; VariantName = "[No Variations]"
Add component (AddParameter): Name = "Value"; Value = "10k"; VariantName = "[No Variations]"
Added Component: Designator=R18A(RESC1608X06N)
Add component (AddParameter): Name = "MF"; Value = "Vishay"; VariantName = "[No Variations]"
Add component (AddParameter): Name = "MPN"; Value = "CRCW06030000Z0EAC"; VariantName = "[No Variations]"
Add component (AddParameter): Name = "Supplier 1"; Value = "Mouser"; VariantName = "[No Variations]"
Add component (AddParameter): Name = "Supplier Part Number 1"; Value = "71-CRCW06030000Z0EAC"; VariantName = "[No Variations]"
Add component (AddParameter): Name = "Value"; Value = "10k"; VariantName = "[No Variations]"
Added Component: Designator=R18B(RESC1608X06N)
Add component (AddParameter): Name = "MF"; Value = "Vishay"; VariantName = "[No Variations]"
Add component (AddParameter): Name = "MPN"; Value = "CRCW06030000Z0EAC"; VariantName = "[No Variations]"
Add component (AddParameter): Name = "Supplier 1"; Value = "Mouser"; VariantName = "[No Variations]"
Add component (AddParameter): Name = "Supplier Part Number 1"; Value = "71-CRCW06030000Z0EAC"; VariantName = "[No Variations]"
Add component (AddParameter): Name = "Value"; Value = "10k"; VariantName = "[No Variations]"
Added Component: Designator=R18C(RESC1608X06N)
Add component (AddParameter): Name = "MF"; Value = "Vishay"; VariantName = "[No Variations]"
Add component (AddParameter): Name = "MPN"; Value = "CRCW06030000Z0EAC"; VariantName = "[No Variations]"
Add component (AddParameter): Name = "Supplier 1"; Value = "Mouser"; VariantName = "[No Variations]"
Add component (AddParameter): Name = "Supplier Part Number 1"; Value = "71-CRCW06030000Z0EAC"; VariantName = "[No Variations]"
Add component (AddParameter): Name = "Value"; Value = "10k"; VariantName = "[No Variations]"
Added Component: Designator=R19A(RESC1608X06N)
Add component (AddParameter): Name = "MF"; Value = "Vishay"; VariantName = "[No Variations]"
Add component (AddParameter): Name = "MPN"; Value = "CRCW06030000Z0EAC"; VariantName = "[No Variations]"
Add component (AddParameter): Name = "Supplier 1"; Value = "Mouser"; VariantName = "[No Variations]"
Add component (AddParameter): Name = "Supplier Part Number 1"; Value = "71-CRCW06030000Z0EAC"; VariantName = "[No Variations]"
Add component (AddParameter): Name = "Value"; Value = "10k"; VariantName = "[No Variations]"
Added Component: Designator=R19B(RESC1608X06N)
Add component (AddParameter): Name = "MF"; Value = "Vishay"; VariantName = "[No Variations]"
Add component (AddParameter): Name = "MPN"; Value = "CRCW06030000Z0EAC"; VariantName = "[No Variations]"
Add component (AddParameter): Name = "Supplier 1"; Value = "Mouser"; VariantName = "[No Variations]"
Add component (AddParameter): Name = "Supplier Part Number 1"; Value = "71-CRCW06030000Z0EAC"; VariantName = "[No Variations]"
Add component (AddParameter): Name = "Value"; Value = "10k"; VariantName = "[No Variations]"
Added Component: Designator=R19C(RESC1608X06N)
Add component (AddParameter): Name = "MF"; Value = "Vishay"; VariantName = "[No Variations]"
Add component (AddParameter): Name = "MPN"; Value = "CRCW06030000Z0EAC"; VariantName = "[No Variations]"
Add component (AddParameter): Name = "Supplier 1"; Value = "Mouser"; VariantName = "[No Variations]"
Add component (AddParameter): Name = "Supplier Part Number 1"; Value = "71-CRCW06030000Z0EAC"; VariantName = "[No Variations]"
Add component (AddParameter): Name = "Value"; Value = "10k"; VariantName = "[No Variations]"
Added Component: Designator=R20A(RESC1608X06N)
Add component (AddParameter): Name = "MPN"; Value = ""; VariantName = "[No Variations]"
Add component (AddParameter): Name = "Supplier 1"; Value = "Mouser"; VariantName = "[No Variations]"
Add component (AddParameter): Name = "Supplier Part Number 1"; Value = ""; VariantName = "[No Variations]"
Add component (AddParameter): Name = "Value"; Value = "7.5k"; VariantName = "[No Variations]"
Added Component: Designator=R20B(RESC1608X06N)
Add component (AddParameter): Name = "MPN"; Value = ""; VariantName = "[No Variations]"
Add component (AddParameter): Name = "Supplier 1"; Value = "Mouser"; VariantName = "[No Variations]"
Add component (AddParameter): Name = "Supplier Part Number 1"; Value = ""; VariantName = "[No Variations]"
Add component (AddParameter): Name = "Value"; Value = "7.5k"; VariantName = "[No Variations]"
Added Component: Designator=R20C(RESC1608X06N)
Add component (AddParameter): Name = "MPN"; Value = ""; VariantName = "[No Variations]"
Add component (AddParameter): Name = "Supplier 1"; Value = "Mouser"; VariantName = "[No Variations]"
Add component (AddParameter): Name = "Supplier Part Number 1"; Value = ""; VariantName = "[No Variations]"
Add component (AddParameter): Name = "Value"; Value = "7.5k"; VariantName = "[No Variations]"
Added Component: Designator=R21A(RESC1608X06N)
Add component (AddParameter): Name = "MF"; Value = ""; VariantName = "[No Variations]"
Add component (AddParameter): Name = "MPN"; Value = ""; VariantName = "[No Variations]"
Add component (AddParameter): Name = "Supplier 1"; Value = ""; VariantName = "[No Variations]"
Add component (AddParameter): Name = "Supplier Part Number 1"; Value = ""; VariantName = "[No Variations]"
Add component (AddParameter): Name = "Value"; Value = "22k"; VariantName = "[No Variations]"
Added Component: Designator=R21B(RESC1608X06N)
Add component (AddParameter): Name = "MF"; Value = ""; VariantName = "[No Variations]"
Add component (AddParameter): Name = "MPN"; Value = ""; VariantName = "[No Variations]"
Add component (AddParameter): Name = "Supplier 1"; Value = ""; VariantName = "[No Variations]"
Add component (AddParameter): Name = "Supplier Part Number 1"; Value = ""; VariantName = "[No Variations]"
Add component (AddParameter): Name = "Value"; Value = "22k"; VariantName = "[No Variations]"
Added Component: Designator=R21C(RESC1608X06N)
Add component (AddParameter): Name = "MF"; Value = ""; VariantName = "[No Variations]"
Add component (AddParameter): Name = "MPN"; Value = ""; VariantName = "[No Variations]"
Add component (AddParameter): Name = "Supplier 1"; Value = ""; VariantName = "[No Variations]"
Add component (AddParameter): Name = "Supplier Part Number 1"; Value = ""; VariantName = "[No Variations]"
Add component (AddParameter): Name = "Value"; Value = "22k"; VariantName = "[No Variations]"
Added Component: Designator=R22A(RESC1608X06N)
Add component (AddParameter): Name = "MF"; Value = "Vishay"; VariantName = "[No Variations]"
Add component (AddParameter): Name = "MPN"; Value = "CRCW06030000Z0EAC"; VariantName = "[No Variations]"
Add component (AddParameter): Name = "Supplier 1"; Value = "Mouser"; VariantName = "[No Variations]"
Add component (AddParameter): Name = "Supplier Part Number 1"; Value = "71-CRCW06030000Z0EAC"; VariantName = "[No Variations]"
Add component (AddParameter): Name = "Value"; Value = "10k"; VariantName = "[No Variations]"
Added Component: Designator=R22B(RESC1608X06N)
Add component (AddParameter): Name = "MF"; Value = "Vishay"; VariantName = "[No Variations]"
Add component (AddParameter): Name = "MPN"; Value = "CRCW06030000Z0EAC"; VariantName = "[No Variations]"
Add component (AddParameter): Name = "Supplier 1"; Value = "Mouser"; VariantName = "[No Variations]"
Add component (AddParameter): Name = "Supplier Part Number 1"; Value = "71-CRCW06030000Z0EAC"; VariantName = "[No Variations]"
Add component (AddParameter): Name = "Value"; Value = "10k"; VariantName = "[No Variations]"
Added Component: Designator=R22C(RESC1608X06N)
Add component (AddParameter): Name = "MF"; Value = "Vishay"; VariantName = "[No Variations]"
Add component (AddParameter): Name = "MPN"; Value = "CRCW06030000Z0EAC"; VariantName = "[No Variations]"
Add component (AddParameter): Name = "Supplier 1"; Value = "Mouser"; VariantName = "[No Variations]"
Add component (AddParameter): Name = "Supplier Part Number 1"; Value = "71-CRCW06030000Z0EAC"; VariantName = "[No Variations]"
Add component (AddParameter): Name = "Value"; Value = "10k"; VariantName = "[No Variations]"
Added Component: Designator=R23A(RESC1608X06N)
Add component (AddParameter): Name = "MF"; Value = "Vishay"; VariantName = "[No Variations]"
Add component (AddParameter): Name = "MPN"; Value = "CRCW06030000Z0EAC"; VariantName = "[No Variations]"
Add component (AddParameter): Name = "Supplier 1"; Value = "Mouser"; VariantName = "[No Variations]"
Add component (AddParameter): Name = "Supplier Part Number 1"; Value = "71-CRCW06030000Z0EAC"; VariantName = "[No Variations]"
Add component (AddParameter): Name = "Value"; Value = "10k"; VariantName = "[No Variations]"
Added Component: Designator=R23B(RESC1608X06N)
Add component (AddParameter): Name = "MF"; Value = "Vishay"; VariantName = "[No Variations]"
Add component (AddParameter): Name = "MPN"; Value = "CRCW06030000Z0EAC"; VariantName = "[No Variations]"
Add component (AddParameter): Name = "Supplier 1"; Value = "Mouser"; VariantName = "[No Variations]"
Add component (AddParameter): Name = "Supplier Part Number 1"; Value = "71-CRCW06030000Z0EAC"; VariantName = "[No Variations]"
Add component (AddParameter): Name = "Value"; Value = "10k"; VariantName = "[No Variations]"
Added Component: Designator=R23C(RESC1608X06N)
Add component (AddParameter): Name = "MF"; Value = "Vishay"; VariantName = "[No Variations]"
Add component (AddParameter): Name = "MPN"; Value = "CRCW06030000Z0EAC"; VariantName = "[No Variations]"
Add component (AddParameter): Name = "Supplier 1"; Value = "Mouser"; VariantName = "[No Variations]"
Add component (AddParameter): Name = "Supplier Part Number 1"; Value = "71-CRCW06030000Z0EAC"; VariantName = "[No Variations]"
Add component (AddParameter): Name = "Value"; Value = "10k"; VariantName = "[No Variations]"
Added Component: Designator=R24A(RESC1608X06N)
Add component (AddParameter): Name = "MF"; Value = "Vishay"; VariantName = "[No Variations]"
Add component (AddParameter): Name = "MPN"; Value = "CRCW06030000Z0EAC"; VariantName = "[No Variations]"
Add component (AddParameter): Name = "Supplier 1"; Value = "Mouser"; VariantName = "[No Variations]"
Add component (AddParameter): Name = "Supplier Part Number 1"; Value = "71-CRCW06030000Z0EAC"; VariantName = "[No Variations]"
Add component (AddParameter): Name = "Value"; Value = "10k"; VariantName = "[No Variations]"
Added Component: Designator=R24B(RESC1608X06N)
Add component (AddParameter): Name = "MF"; Value = "Vishay"; VariantName = "[No Variations]"
Add component (AddParameter): Name = "MPN"; Value = "CRCW06030000Z0EAC"; VariantName = "[No Variations]"
Add component (AddParameter): Name = "Supplier 1"; Value = "Mouser"; VariantName = "[No Variations]"
Add component (AddParameter): Name = "Supplier Part Number 1"; Value = "71-CRCW06030000Z0EAC"; VariantName = "[No Variations]"
Add component (AddParameter): Name = "Value"; Value = "10k"; VariantName = "[No Variations]"
Added Component: Designator=R24C(RESC1608X06N)
Add component (AddParameter): Name = "MF"; Value = "Vishay"; VariantName = "[No Variations]"
Add component (AddParameter): Name = "MPN"; Value = "CRCW06030000Z0EAC"; VariantName = "[No Variations]"
Add component (AddParameter): Name = "Supplier 1"; Value = "Mouser"; VariantName = "[No Variations]"
Add component (AddParameter): Name = "Supplier Part Number 1"; Value = "71-CRCW06030000Z0EAC"; VariantName = "[No Variations]"
Add component (AddParameter): Name = "Value"; Value = "10k"; VariantName = "[No Variations]"
Added Component: Designator=R25A(RESC1608X06N)
Add component (AddParameter): Name = "MF"; Value = "Vishay"; VariantName = "[No Variations]"
Add component (AddParameter): Name = "MPN"; Value = "CRCW06030000Z0EAC"; VariantName = "[No Variations]"
Add component (AddParameter): Name = "Supplier 1"; Value = "Mouser"; VariantName = "[No Variations]"
Add component (AddParameter): Name = "Supplier Part Number 1"; Value = "71-CRCW06030000Z0EAC"; VariantName = "[No Variations]"
Add component (AddParameter): Name = "Value"; Value = "15.4k"; VariantName = "[No Variations]"
Added Component: Designator=R25B(RESC1608X06N)
Add component (AddParameter): Name = "MF"; Value = "Vishay"; VariantName = "[No Variations]"
Add component (AddParameter): Name = "MPN"; Value = "CRCW06030000Z0EAC"; VariantName = "[No Variations]"
Add component (AddParameter): Name = "Supplier 1"; Value = "Mouser"; VariantName = "[No Variations]"
Add component (AddParameter): Name = "Supplier Part Number 1"; Value = "71-CRCW06030000Z0EAC"; VariantName = "[No Variations]"
Add component (AddParameter): Name = "Value"; Value = "15.4k"; VariantName = "[No Variations]"
Added Component: Designator=R25C(RESC1608X06N)
Add component (AddParameter): Name = "MF"; Value = "Vishay"; VariantName = "[No Variations]"
Add component (AddParameter): Name = "MPN"; Value = "CRCW06030000Z0EAC"; VariantName = "[No Variations]"
Add component (AddParameter): Name = "Supplier 1"; Value = "Mouser"; VariantName = "[No Variations]"
Add component (AddParameter): Name = "Supplier Part Number 1"; Value = "71-CRCW06030000Z0EAC"; VariantName = "[No Variations]"
Add component (AddParameter): Name = "Value"; Value = "15.4k"; VariantName = "[No Variations]"
Added Component: Designator=R26A(RESC1608X06N)
Add component (AddParameter): Name = "MF"; Value = "Vishay"; VariantName = "[No Variations]"
Add component (AddParameter): Name = "MPN"; Value = "CRCW06030000Z0EAC"; VariantName = "[No Variations]"
Add component (AddParameter): Name = "Supplier 1"; Value = "Mouser"; VariantName = "[No Variations]"
Add component (AddParameter): Name = "Supplier Part Number 1"; Value = "71-CRCW06030000Z0EAC"; VariantName = "[No Variations]"
Add component (AddParameter): Name = "Value"; Value = "15.4k"; VariantName = "[No Variations]"
Added Component: Designator=R26B(RESC1608X06N)
Add component (AddParameter): Name = "MF"; Value = "Vishay"; VariantName = "[No Variations]"
Add component (AddParameter): Name = "MPN"; Value = "CRCW06030000Z0EAC"; VariantName = "[No Variations]"
Add component (AddParameter): Name = "Supplier 1"; Value = "Mouser"; VariantName = "[No Variations]"
Add component (AddParameter): Name = "Supplier Part Number 1"; Value = "71-CRCW06030000Z0EAC"; VariantName = "[No Variations]"
Add component (AddParameter): Name = "Value"; Value = "15.4k"; VariantName = "[No Variations]"
Added Component: Designator=R26C(RESC1608X06N)
Add component (AddParameter): Name = "MF"; Value = "Vishay"; VariantName = "[No Variations]"
Add component (AddParameter): Name = "MPN"; Value = "CRCW06030000Z0EAC"; VariantName = "[No Variations]"
Add component (AddParameter): Name = "Supplier 1"; Value = "Mouser"; VariantName = "[No Variations]"
Add component (AddParameter): Name = "Supplier Part Number 1"; Value = "71-CRCW06030000Z0EAC"; VariantName = "[No Variations]"
Add component (AddParameter): Name = "Value"; Value = "15.4k"; VariantName = "[No Variations]"
Added Component: Designator=R27A(RESC1608X06N)
Add component (AddParameter): Name = "MF"; Value = "Vishay"; VariantName = "[No Variations]"
Add component (AddParameter): Name = "MPN"; Value = "CRCW06030000Z0EAC"; VariantName = "[No Variations]"
Add component (AddParameter): Name = "Supplier 1"; Value = "Mouser"; VariantName = "[No Variations]"
Add component (AddParameter): Name = "Supplier Part Number 1"; Value = "71-CRCW06030000Z0EAC"; VariantName = "[No Variations]"
Add component (AddParameter): Name = "Value"; Value = "2.2k"; VariantName = "[No Variations]"
Added Component: Designator=R27B(RESC1608X06N)
Add component (AddParameter): Name = "MF"; Value = "Vishay"; VariantName = "[No Variations]"
Add component (AddParameter): Name = "MPN"; Value = "CRCW06030000Z0EAC"; VariantName = "[No Variations]"
Add component (AddParameter): Name = "Supplier 1"; Value = "Mouser"; VariantName = "[No Variations]"
Add component (AddParameter): Name = "Supplier Part Number 1"; Value = "71-CRCW06030000Z0EAC"; VariantName = "[No Variations]"
Add component (AddParameter): Name = "Value"; Value = "2.2k"; VariantName = "[No Variations]"
Added Component: Designator=R27C(RESC1608X06N)
Add component (AddParameter): Name = "MF"; Value = "Vishay"; VariantName = "[No Variations]"
Add component (AddParameter): Name = "MPN"; Value = "CRCW06030000Z0EAC"; VariantName = "[No Variations]"
Add component (AddParameter): Name = "Supplier 1"; Value = "Mouser"; VariantName = "[No Variations]"
Add component (AddParameter): Name = "Supplier Part Number 1"; Value = "71-CRCW06030000Z0EAC"; VariantName = "[No Variations]"
Add component (AddParameter): Name = "Value"; Value = "2.2k"; VariantName = "[No Variations]"
Added Component: Designator=R28A(RESC1608X06N)
Add component (AddParameter): Name = "MF"; Value = "Vishay"; VariantName = "[No Variations]"
Add component (AddParameter): Name = "MPN"; Value = "CRCW06030000Z0EAC"; VariantName = "[No Variations]"
Add component (AddParameter): Name = "Supplier 1"; Value = "Mouser"; VariantName = "[No Variations]"
Add component (AddParameter): Name = "Supplier Part Number 1"; Value = "71-CRCW06030000Z0EAC"; VariantName = "[No Variations]"
Add component (AddParameter): Name = "Value"; Value = "3.3"; VariantName = "[No Variations]"
Added Component: Designator=R28B(RESC1608X06N)
Add component (AddParameter): Name = "MF"; Value = "Vishay"; VariantName = "[No Variations]"
Add component (AddParameter): Name = "MPN"; Value = "CRCW06030000Z0EAC"; VariantName = "[No Variations]"
Add component (AddParameter): Name = "Supplier 1"; Value = "Mouser"; VariantName = "[No Variations]"
Add component (AddParameter): Name = "Supplier Part Number 1"; Value = "71-CRCW06030000Z0EAC"; VariantName = "[No Variations]"
Add component (AddParameter): Name = "Value"; Value = "3.3"; VariantName = "[No Variations]"
Added Component: Designator=R28C(RESC1608X06N)
Add component (AddParameter): Name = "MF"; Value = "Vishay"; VariantName = "[No Variations]"
Add component (AddParameter): Name = "MPN"; Value = "CRCW06030000Z0EAC"; VariantName = "[No Variations]"
Add component (AddParameter): Name = "Supplier 1"; Value = "Mouser"; VariantName = "[No Variations]"
Add component (AddParameter): Name = "Supplier Part Number 1"; Value = "71-CRCW06030000Z0EAC"; VariantName = "[No Variations]"
Add component (AddParameter): Name = "Value"; Value = "3.3"; VariantName = "[No Variations]"
Added Component: Designator=R29A(RESC1608X06N)
Add component (AddParameter): Name = "MF"; Value = "Vishay"; VariantName = "[No Variations]"
Add component (AddParameter): Name = "MPN"; Value = "CRCW06030000Z0EAC"; VariantName = "[No Variations]"
Add component (AddParameter): Name = "Supplier 1"; Value = "Mouser"; VariantName = "[No Variations]"
Add component (AddParameter): Name = "Supplier Part Number 1"; Value = "71-CRCW06030000Z0EAC"; VariantName = "[No Variations]"
Add component (AddParameter): Name = "Value"; Value = "3.3"; VariantName = "[No Variations]"
Added Component: Designator=R29B(RESC1608X06N)
Add component (AddParameter): Name = "MF"; Value = "Vishay"; VariantName = "[No Variations]"
Add component (AddParameter): Name = "MPN"; Value = "CRCW06030000Z0EAC"; VariantName = "[No Variations]"
Add component (AddParameter): Name = "Supplier 1"; Value = "Mouser"; VariantName = "[No Variations]"
Add component (AddParameter): Name = "Supplier Part Number 1"; Value = "71-CRCW06030000Z0EAC"; VariantName = "[No Variations]"
Add component (AddParameter): Name = "Value"; Value = "3.3"; VariantName = "[No Variations]"
Added Component: Designator=R29C(RESC1608X06N)
Add component (AddParameter): Name = "MF"; Value = "Vishay"; VariantName = "[No Variations]"
Add component (AddParameter): Name = "MPN"; Value = "CRCW06030000Z0EAC"; VariantName = "[No Variations]"
Add component (AddParameter): Name = "Supplier 1"; Value = "Mouser"; VariantName = "[No Variations]"
Add component (AddParameter): Name = "Supplier Part Number 1"; Value = "71-CRCW06030000Z0EAC"; VariantName = "[No Variations]"
Add component (AddParameter): Name = "Value"; Value = "3.3"; VariantName = "[No Variations]"
Added Component: Designator=R30A(RESC1608X06N)
Add component (AddParameter): Name = "MF"; Value = "Vishay"; VariantName = "[No Variations]"
Add component (AddParameter): Name = "MPN"; Value = "CRCW06030000Z0EAC"; VariantName = "[No Variations]"
Add component (AddParameter): Name = "Supplier 1"; Value = "Mouser"; VariantName = "[No Variations]"
Add component (AddParameter): Name = "Supplier Part Number 1"; Value = "71-CRCW06030000Z0EAC"; VariantName = "[No Variations]"
Add component (AddParameter): Name = "Value"; Value = "2.2k"; VariantName = "[No Variations]"
Added Component: Designator=R30B(RESC1608X06N)
Add component (AddParameter): Name = "MF"; Value = "Vishay"; VariantName = "[No Variations]"
Add component (AddParameter): Name = "MPN"; Value = "CRCW06030000Z0EAC"; VariantName = "[No Variations]"
Add component (AddParameter): Name = "Supplier 1"; Value = "Mouser"; VariantName = "[No Variations]"
Add component (AddParameter): Name = "Supplier Part Number 1"; Value = "71-CRCW06030000Z0EAC"; VariantName = "[No Variations]"
Add component (AddParameter): Name = "Value"; Value = "2.2k"; VariantName = "[No Variations]"
Added Component: Designator=R30C(RESC1608X06N)
Add component (AddParameter): Name = "MF"; Value = "Vishay"; VariantName = "[No Variations]"
Add component (AddParameter): Name = "MPN"; Value = "CRCW06030000Z0EAC"; VariantName = "[No Variations]"
Add component (AddParameter): Name = "Supplier 1"; Value = "Mouser"; VariantName = "[No Variations]"
Add component (AddParameter): Name = "Supplier Part Number 1"; Value = "71-CRCW06030000Z0EAC"; VariantName = "[No Variations]"
Add component (AddParameter): Name = "Value"; Value = "2.2k"; VariantName = "[No Variations]"
Added Component: Designator=R31A(RESC1608X06N)
Add component (AddParameter): Name = "MF"; Value = "Vishay"; VariantName = "[No Variations]"
Add component (AddParameter): Name = "MPN"; Value = "CRCW06030000Z0EAC"; VariantName = "[No Variations]"
Add component (AddParameter): Name = "Supplier 1"; Value = "Mouser"; VariantName = "[No Variations]"
Add component (AddParameter): Name = "Supplier Part Number 1"; Value = "71-CRCW06030000Z0EAC"; VariantName = "[No Variations]"
Add component (AddParameter): Name = "Value"; Value = "2.2k"; VariantName = "[No Variations]"
Added Component: Designator=R31B(RESC1608X06N)
Add component (AddParameter): Name = "MF"; Value = "Vishay"; VariantName = "[No Variations]"
Add component (AddParameter): Name = "MPN"; Value = "CRCW06030000Z0EAC"; VariantName = "[No Variations]"
Add component (AddParameter): Name = "Supplier 1"; Value = "Mouser"; VariantName = "[No Variations]"
Add component (AddParameter): Name = "Supplier Part Number 1"; Value = "71-CRCW06030000Z0EAC"; VariantName = "[No Variations]"
Add component (AddParameter): Name = "Value"; Value = "2.2k"; VariantName = "[No Variations]"
Added Component: Designator=R31C(RESC1608X06N)
Add component (AddParameter): Name = "MF"; Value = "Vishay"; VariantName = "[No Variations]"
Add component (AddParameter): Name = "MPN"; Value = "CRCW06030000Z0EAC"; VariantName = "[No Variations]"
Add component (AddParameter): Name = "Supplier 1"; Value = "Mouser"; VariantName = "[No Variations]"
Add component (AddParameter): Name = "Supplier Part Number 1"; Value = "71-CRCW06030000Z0EAC"; VariantName = "[No Variations]"
Add component (AddParameter): Name = "Value"; Value = "2.2k"; VariantName = "[No Variations]"
Added Component: Designator=R32A(RESC1608X06N)
Add component (AddParameter): Name = "MF"; Value = "Vishay"; VariantName = "[No Variations]"
Add component (AddParameter): Name = "MPN"; Value = "CRCW06030000Z0EAC"; VariantName = "[No Variations]"
Add component (AddParameter): Name = "Supplier 1"; Value = "Mouser"; VariantName = "[No Variations]"
Add component (AddParameter): Name = "Supplier Part Number 1"; Value = "71-CRCW06030000Z0EAC"; VariantName = "[No Variations]"
Add component (AddParameter): Name = "Value"; Value = "3.3"; VariantName = "[No Variations]"
Added Component: Designator=R32B(RESC1608X06N)
Add component (AddParameter): Name = "MF"; Value = "Vishay"; VariantName = "[No Variations]"
Add component (AddParameter): Name = "MPN"; Value = "CRCW06030000Z0EAC"; VariantName = "[No Variations]"
Add component (AddParameter): Name = "Supplier 1"; Value = "Mouser"; VariantName = "[No Variations]"
Add component (AddParameter): Name = "Supplier Part Number 1"; Value = "71-CRCW06030000Z0EAC"; VariantName = "[No Variations]"
Add component (AddParameter): Name = "Value"; Value = "3.3"; VariantName = "[No Variations]"
Added Component: Designator=R32C(RESC1608X06N)
Add component (AddParameter): Name = "MF"; Value = "Vishay"; VariantName = "[No Variations]"
Add component (AddParameter): Name = "MPN"; Value = "CRCW06030000Z0EAC"; VariantName = "[No Variations]"
Add component (AddParameter): Name = "Supplier 1"; Value = "Mouser"; VariantName = "[No Variations]"
Add component (AddParameter): Name = "Supplier Part Number 1"; Value = "71-CRCW06030000Z0EAC"; VariantName = "[No Variations]"
Add component (AddParameter): Name = "Value"; Value = "3.3"; VariantName = "[No Variations]"
Added Component: Designator=R33A(RESC1608X06N)
Add component (AddParameter): Name = "MF"; Value = "Vishay"; VariantName = "[No Variations]"
Add component (AddParameter): Name = "MPN"; Value = "CRCW06030000Z0EAC"; VariantName = "[No Variations]"
Add component (AddParameter): Name = "Supplier 1"; Value = "Mouser"; VariantName = "[No Variations]"
Add component (AddParameter): Name = "Supplier Part Number 1"; Value = "71-CRCW06030000Z0EAC"; VariantName = "[No Variations]"
Add component (AddParameter): Name = "Value"; Value = "3.3"; VariantName = "[No Variations]"
Added Component: Designator=R33B(RESC1608X06N)
Add component (AddParameter): Name = "MF"; Value = "Vishay"; VariantName = "[No Variations]"
Add component (AddParameter): Name = "MPN"; Value = "CRCW06030000Z0EAC"; VariantName = "[No Variations]"
Add component (AddParameter): Name = "Supplier 1"; Value = "Mouser"; VariantName = "[No Variations]"
Add component (AddParameter): Name = "Supplier Part Number 1"; Value = "71-CRCW06030000Z0EAC"; VariantName = "[No Variations]"
Add component (AddParameter): Name = "Value"; Value = "3.3"; VariantName = "[No Variations]"
Added Component: Designator=R33C(RESC1608X06N)
Add component (AddParameter): Name = "MF"; Value = "Vishay"; VariantName = "[No Variations]"
Add component (AddParameter): Name = "MPN"; Value = "CRCW06030000Z0EAC"; VariantName = "[No Variations]"
Add component (AddParameter): Name = "Supplier 1"; Value = "Mouser"; VariantName = "[No Variations]"
Add component (AddParameter): Name = "Supplier Part Number 1"; Value = "71-CRCW06030000Z0EAC"; VariantName = "[No Variations]"
Add component (AddParameter): Name = "Value"; Value = "3.3"; VariantName = "[No Variations]"
Added Component: Designator=R34A(RESC1608X06N)
Add component (AddParameter): Name = "MF"; Value = "Vishay"; VariantName = "[No Variations]"
Add component (AddParameter): Name = "MPN"; Value = "CRCW06030000Z0EAC"; VariantName = "[No Variations]"
Add component (AddParameter): Name = "Supplier 1"; Value = "Mouser"; VariantName = "[No Variations]"
Add component (AddParameter): Name = "Supplier Part Number 1"; Value = "71-CRCW06030000Z0EAC"; VariantName = "[No Variations]"
Add component (AddParameter): Name = "Value"; Value = "2.2k"; VariantName = "[No Variations]"
Added Component: Designator=R34B(RESC1608X06N)
Add component (AddParameter): Name = "MF"; Value = "Vishay"; VariantName = "[No Variations]"
Add component (AddParameter): Name = "MPN"; Value = "CRCW06030000Z0EAC"; VariantName = "[No Variations]"
Add component (AddParameter): Name = "Supplier 1"; Value = "Mouser"; VariantName = "[No Variations]"
Add component (AddParameter): Name = "Supplier Part Number 1"; Value = "71-CRCW06030000Z0EAC"; VariantName = "[No Variations]"
Add component (AddParameter): Name = "Value"; Value = "2.2k"; VariantName = "[No Variations]"
Added Component: Designator=R34C(RESC1608X06N)
Add component (AddParameter): Name = "MF"; Value = "Vishay"; VariantName = "[No Variations]"
Add component (AddParameter): Name = "MPN"; Value = "CRCW06030000Z0EAC"; VariantName = "[No Variations]"
Add component (AddParameter): Name = "Supplier 1"; Value = "Mouser"; VariantName = "[No Variations]"
Add component (AddParameter): Name = "Supplier Part Number 1"; Value = "71-CRCW06030000Z0EAC"; VariantName = "[No Variations]"
Add component (AddParameter): Name = "Value"; Value = "2.2k"; VariantName = "[No Variations]"
Added Component: Designator=R35A(RESC1608X06N)
Add component (AddParameter): Name = "MF"; Value = "Vishay"; VariantName = "[No Variations]"
Add component (AddParameter): Name = "MPN"; Value = ""; VariantName = "[No Variations]"
Add component (AddParameter): Name = "Supplier 1"; Value = "Mouser"; VariantName = "[No Variations]"
Add component (AddParameter): Name = "Supplier Part Number 1"; Value = ""; VariantName = "[No Variations]"
Add component (AddParameter): Name = "Value"; Value = "4.7"; VariantName = "[No Variations]"
Added Component: Designator=R35B(RESC1608X06N)
Add component (AddParameter): Name = "MF"; Value = "Vishay"; VariantName = "[No Variations]"
Add component (AddParameter): Name = "MPN"; Value = ""; VariantName = "[No Variations]"
Add component (AddParameter): Name = "Supplier 1"; Value = "Mouser"; VariantName = "[No Variations]"
Add component (AddParameter): Name = "Supplier Part Number 1"; Value = ""; VariantName = "[No Variations]"
Add component (AddParameter): Name = "Value"; Value = "4.7"; VariantName = "[No Variations]"
Added Component: Designator=R35C(RESC1608X06N)
Add component (AddParameter): Name = "MF"; Value = "Vishay"; VariantName = "[No Variations]"
Add component (AddParameter): Name = "MPN"; Value = ""; VariantName = "[No Variations]"
Add component (AddParameter): Name = "Supplier 1"; Value = "Mouser"; VariantName = "[No Variations]"
Add component (AddParameter): Name = "Supplier Part Number 1"; Value = ""; VariantName = "[No Variations]"
Add component (AddParameter): Name = "Value"; Value = "4.7"; VariantName = "[No Variations]"
Added Component: Designator=R36A(RESC1608X06N)
Add component (AddParameter): Name = "MF"; Value = "Vishay"; VariantName = "[No Variations]"
Add component (AddParameter): Name = "MPN"; Value = ""; VariantName = "[No Variations]"
Add component (AddParameter): Name = "Supplier 1"; Value = "Mouser"; VariantName = "[No Variations]"
Add component (AddParameter): Name = "Supplier Part Number 1"; Value = ""; VariantName = "[No Variations]"
Add component (AddParameter): Name = "Value"; Value = "4.7"; VariantName = "[No Variations]"
Added Component: Designator=R36B(RESC1608X06N)
Add component (AddParameter): Name = "MF"; Value = "Vishay"; VariantName = "[No Variations]"
Add component (AddParameter): Name = "MPN"; Value = ""; VariantName = "[No Variations]"
Add component (AddParameter): Name = "Supplier 1"; Value = "Mouser"; VariantName = "[No Variations]"
Add component (AddParameter): Name = "Supplier Part Number 1"; Value = ""; VariantName = "[No Variations]"
Add component (AddParameter): Name = "Value"; Value = "4.7"; VariantName = "[No Variations]"
Added Component: Designator=R36C(RESC1608X06N)
Add component (AddParameter): Name = "MF"; Value = "Vishay"; VariantName = "[No Variations]"
Add component (AddParameter): Name = "MPN"; Value = ""; VariantName = "[No Variations]"
Add component (AddParameter): Name = "Supplier 1"; Value = "Mouser"; VariantName = "[No Variations]"
Add component (AddParameter): Name = "Supplier Part Number 1"; Value = ""; VariantName = "[No Variations]"
Add component (AddParameter): Name = "Value"; Value = "4.7"; VariantName = "[No Variations]"
Added Component: Designator=R37A(RESC1608X06N)
Add component (AddParameter): Name = "MF"; Value = "Vishay"; VariantName = "[No Variations]"
Add component (AddParameter): Name = "MPN"; Value = ""; VariantName = "[No Variations]"
Add component (AddParameter): Name = "Supplier 1"; Value = "Mouser"; VariantName = "[No Variations]"
Add component (AddParameter): Name = "Supplier Part Number 1"; Value = ""; VariantName = "[No Variations]"
Add component (AddParameter): Name = "Value"; Value = "4.7"; VariantName = "[No Variations]"
Added Component: Designator=R37B(RESC1608X06N)
Add component (AddParameter): Name = "MF"; Value = "Vishay"; VariantName = "[No Variations]"
Add component (AddParameter): Name = "MPN"; Value = ""; VariantName = "[No Variations]"
Add component (AddParameter): Name = "Supplier 1"; Value = "Mouser"; VariantName = "[No Variations]"
Add component (AddParameter): Name = "Supplier Part Number 1"; Value = ""; VariantName = "[No Variations]"
Add component (AddParameter): Name = "Value"; Value = "4.7"; VariantName = "[No Variations]"
Added Component: Designator=R37C(RESC1608X06N)
Add component (AddParameter): Name = "MF"; Value = "Vishay"; VariantName = "[No Variations]"
Add component (AddParameter): Name = "MPN"; Value = ""; VariantName = "[No Variations]"
Add component (AddParameter): Name = "Supplier 1"; Value = "Mouser"; VariantName = "[No Variations]"
Add component (AddParameter): Name = "Supplier Part Number 1"; Value = ""; VariantName = "[No Variations]"
Add component (AddParameter): Name = "Value"; Value = "4.7"; VariantName = "[No Variations]"
Added Component: Designator=R38A(RESC1608X06N)
Add component (AddParameter): Name = "MF"; Value = "Vishay"; VariantName = "[No Variations]"
Add component (AddParameter): Name = "MPN"; Value = ""; VariantName = "[No Variations]"
Add component (AddParameter): Name = "Supplier 1"; Value = "Mouser"; VariantName = "[No Variations]"
Add component (AddParameter): Name = "Supplier Part Number 1"; Value = ""; VariantName = "[No Variations]"
Add component (AddParameter): Name = "Value"; Value = "4.7"; VariantName = "[No Variations]"
Added Component: Designator=R38B(RESC1608X06N)
Add component (AddParameter): Name = "MF"; Value = "Vishay"; VariantName = "[No Variations]"
Add component (AddParameter): Name = "MPN"; Value = ""; VariantName = "[No Variations]"
Add component (AddParameter): Name = "Supplier 1"; Value = "Mouser"; VariantName = "[No Variations]"
Add component (AddParameter): Name = "Supplier Part Number 1"; Value = ""; VariantName = "[No Variations]"
Add component (AddParameter): Name = "Value"; Value = "4.7"; VariantName = "[No Variations]"
Added Component: Designator=R38C(RESC1608X06N)
Add component (AddParameter): Name = "MF"; Value = "Vishay"; VariantName = "[No Variations]"
Add component (AddParameter): Name = "MPN"; Value = ""; VariantName = "[No Variations]"
Add component (AddParameter): Name = "Supplier 1"; Value = "Mouser"; VariantName = "[No Variations]"
Add component (AddParameter): Name = "Supplier Part Number 1"; Value = ""; VariantName = "[No Variations]"
Add component (AddParameter): Name = "Value"; Value = "4.7"; VariantName = "[No Variations]"
Added Component: Designator=R39A(RESC1608X06N)
Add component (AddParameter): Name = "MF"; Value = ""; VariantName = "[No Variations]"
Add component (AddParameter): Name = "MPN"; Value = ""; VariantName = "[No Variations]"
Add component (AddParameter): Name = "Supplier 1"; Value = ""; VariantName = "[No Variations]"
Add component (AddParameter): Name = "Supplier Part Number 1"; Value = ""; VariantName = "[No Variations]"
Add component (AddParameter): Name = "Value"; Value = "100"; VariantName = "[No Variations]"
Added Component: Designator=R39B(RESC1608X06N)
Add component (AddParameter): Name = "MF"; Value = ""; VariantName = "[No Variations]"
Add component (AddParameter): Name = "MPN"; Value = ""; VariantName = "[No Variations]"
Add component (AddParameter): Name = "Supplier 1"; Value = ""; VariantName = "[No Variations]"
Add component (AddParameter): Name = "Supplier Part Number 1"; Value = ""; VariantName = "[No Variations]"
Add component (AddParameter): Name = "Value"; Value = "100"; VariantName = "[No Variations]"
Added Component: Designator=R39C(RESC1608X06N)
Add component (AddParameter): Name = "MF"; Value = ""; VariantName = "[No Variations]"
Add component (AddParameter): Name = "MPN"; Value = ""; VariantName = "[No Variations]"
Add component (AddParameter): Name = "Supplier 1"; Value = ""; VariantName = "[No Variations]"
Add component (AddParameter): Name = "Supplier Part Number 1"; Value = ""; VariantName = "[No Variations]"
Add component (AddParameter): Name = "Value"; Value = "100"; VariantName = "[No Variations]"
Added Component: Designator=R40A(RESC1608X06N)
Add component (AddParameter): Name = "MF"; Value = ""; VariantName = "[No Variations]"
Add component (AddParameter): Name = "MPN"; Value = ""; VariantName = "[No Variations]"
Add component (AddParameter): Name = "Supplier 1"; Value = ""; VariantName = "[No Variations]"
Add component (AddParameter): Name = "Supplier Part Number 1"; Value = ""; VariantName = "[No Variations]"
Add component (AddParameter): Name = "Value"; Value = "100"; VariantName = "[No Variations]"
Added Component: Designator=R40B(RESC1608X06N)
Add component (AddParameter): Name = "MF"; Value = ""; VariantName = "[No Variations]"
Add component (AddParameter): Name = "MPN"; Value = ""; VariantName = "[No Variations]"
Add component (AddParameter): Name = "Supplier 1"; Value = ""; VariantName = "[No Variations]"
Add component (AddParameter): Name = "Supplier Part Number 1"; Value = ""; VariantName = "[No Variations]"
Add component (AddParameter): Name = "Value"; Value = "100"; VariantName = "[No Variations]"
Added Component: Designator=R40C(RESC1608X06N)
Add component (AddParameter): Name = "MF"; Value = ""; VariantName = "[No Variations]"
Add component (AddParameter): Name = "MPN"; Value = ""; VariantName = "[No Variations]"
Add component (AddParameter): Name = "Supplier 1"; Value = ""; VariantName = "[No Variations]"
Add component (AddParameter): Name = "Supplier Part Number 1"; Value = ""; VariantName = "[No Variations]"
Add component (AddParameter): Name = "Value"; Value = "100"; VariantName = "[No Variations]"
Added Component: Designator=R41A(RESC1608X06N)
Add component (AddParameter): Name = "MF"; Value = ""; VariantName = "[No Variations]"
Add component (AddParameter): Name = "MPN"; Value = ""; VariantName = "[No Variations]"
Add component (AddParameter): Name = "Supplier 1"; Value = ""; VariantName = "[No Variations]"
Add component (AddParameter): Name = "Supplier Part Number 1"; Value = ""; VariantName = "[No Variations]"
Add component (AddParameter): Name = "Value"; Value = "100"; VariantName = "[No Variations]"
Added Component: Designator=R41B(RESC1608X06N)
Add component (AddParameter): Name = "MF"; Value = ""; VariantName = "[No Variations]"
Add component (AddParameter): Name = "MPN"; Value = ""; VariantName = "[No Variations]"
Add component (AddParameter): Name = "Supplier 1"; Value = ""; VariantName = "[No Variations]"
Add component (AddParameter): Name = "Supplier Part Number 1"; Value = ""; VariantName = "[No Variations]"
Add component (AddParameter): Name = "Value"; Value = "100"; VariantName = "[No Variations]"
Added Component: Designator=R41C(RESC1608X06N)
Add component (AddParameter): Name = "MF"; Value = ""; VariantName = "[No Variations]"
Add component (AddParameter): Name = "MPN"; Value = ""; VariantName = "[No Variations]"
Add component (AddParameter): Name = "Supplier 1"; Value = ""; VariantName = "[No Variations]"
Add component (AddParameter): Name = "Supplier Part Number 1"; Value = ""; VariantName = "[No Variations]"
Add component (AddParameter): Name = "Value"; Value = "100"; VariantName = "[No Variations]"
Added Component: Designator=R42A(RESC1608X06N)
Add component (AddParameter): Name = "MF"; Value = ""; VariantName = "[No Variations]"
Add component (AddParameter): Name = "MPN"; Value = ""; VariantName = "[No Variations]"
Add component (AddParameter): Name = "Supplier 1"; Value = ""; VariantName = "[No Variations]"
Add component (AddParameter): Name = "Supplier Part Number 1"; Value = ""; VariantName = "[No Variations]"
Add component (AddParameter): Name = "Value"; Value = "100"; VariantName = "[No Variations]"
Added Component: Designator=R42B(RESC1608X06N)
Add component (AddParameter): Name = "MF"; Value = ""; VariantName = "[No Variations]"
Add component (AddParameter): Name = "MPN"; Value = ""; VariantName = "[No Variations]"
Add component (AddParameter): Name = "Supplier 1"; Value = ""; VariantName = "[No Variations]"
Add component (AddParameter): Name = "Supplier Part Number 1"; Value = ""; VariantName = "[No Variations]"
Add component (AddParameter): Name = "Value"; Value = "100"; VariantName = "[No Variations]"
Added Component: Designator=R42C(RESC1608X06N)
Add component (AddParameter): Name = "MF"; Value = ""; VariantName = "[No Variations]"
Add component (AddParameter): Name = "MPN"; Value = ""; VariantName = "[No Variations]"
Add component (AddParameter): Name = "Supplier 1"; Value = ""; VariantName = "[No Variations]"
Add component (AddParameter): Name = "Supplier Part Number 1"; Value = ""; VariantName = "[No Variations]"
Add component (AddParameter): Name = "Value"; Value = "100"; VariantName = "[No Variations]"
Added Component: Designator=R43A(RESC1608X06N)
Add component (AddParameter): Name = "MF"; Value = ""; VariantName = "[No Variations]"
Add component (AddParameter): Name = "MPN"; Value = ""; VariantName = "[No Variations]"
Add component (AddParameter): Name = "Supplier 1"; Value = ""; VariantName = "[No Variations]"
Add component (AddParameter): Name = "Supplier Part Number 1"; Value = ""; VariantName = "[No Variations]"
Add component (AddParameter): Name = "Value"; Value = "4.7k"; VariantName = "[No Variations]"
Added Component: Designator=R43B(RESC1608X06N)
Add component (AddParameter): Name = "MF"; Value = ""; VariantName = "[No Variations]"
Add component (AddParameter): Name = "MPN"; Value = ""; VariantName = "[No Variations]"
Add component (AddParameter): Name = "Supplier 1"; Value = ""; VariantName = "[No Variations]"
Add component (AddParameter): Name = "Supplier Part Number 1"; Value = ""; VariantName = "[No Variations]"
Add component (AddParameter): Name = "Value"; Value = "4.7k"; VariantName = "[No Variations]"
Added Component: Designator=R43C(RESC1608X06N)
Add component (AddParameter): Name = "MF"; Value = ""; VariantName = "[No Variations]"
Add component (AddParameter): Name = "MPN"; Value = ""; VariantName = "[No Variations]"
Add component (AddParameter): Name = "Supplier 1"; Value = ""; VariantName = "[No Variations]"
Add component (AddParameter): Name = "Supplier Part Number 1"; Value = ""; VariantName = "[No Variations]"
Add component (AddParameter): Name = "Value"; Value = "4.7k"; VariantName = "[No Variations]"
Added Component: Designator=R44A(RESC1608X06N)
Add component (AddParameter): Name = "MF"; Value = ""; VariantName = "[No Variations]"
Add component (AddParameter): Name = "MPN"; Value = ""; VariantName = "[No Variations]"
Add component (AddParameter): Name = "Supplier 1"; Value = ""; VariantName = "[No Variations]"
Add component (AddParameter): Name = "Supplier Part Number 1"; Value = ""; VariantName = "[No Variations]"
Add component (AddParameter): Name = "Value"; Value = "4.7k"; VariantName = "[No Variations]"
Added Component: Designator=R44B(RESC1608X06N)
Add component (AddParameter): Name = "MF"; Value = ""; VariantName = "[No Variations]"
Add component (AddParameter): Name = "MPN"; Value = ""; VariantName = "[No Variations]"
Add component (AddParameter): Name = "Supplier 1"; Value = ""; VariantName = "[No Variations]"
Add component (AddParameter): Name = "Supplier Part Number 1"; Value = ""; VariantName = "[No Variations]"
Add component (AddParameter): Name = "Value"; Value = "4.7k"; VariantName = "[No Variations]"
Added Component: Designator=R44C(RESC1608X06N)
Add component (AddParameter): Name = "MF"; Value = ""; VariantName = "[No Variations]"
Add component (AddParameter): Name = "MPN"; Value = ""; VariantName = "[No Variations]"
Add component (AddParameter): Name = "Supplier 1"; Value = ""; VariantName = "[No Variations]"
Add component (AddParameter): Name = "Supplier Part Number 1"; Value = ""; VariantName = "[No Variations]"
Add component (AddParameter): Name = "Value"; Value = "4.7k"; VariantName = "[No Variations]"
Added Component: Designator=R45A(RESC1608X06N)
Add component (AddParameter): Name = "MF"; Value = ""; VariantName = "[No Variations]"
Add component (AddParameter): Name = "MPN"; Value = ""; VariantName = "[No Variations]"
Add component (AddParameter): Name = "Supplier 1"; Value = ""; VariantName = "[No Variations]"
Add component (AddParameter): Name = "Supplier Part Number 1"; Value = ""; VariantName = "[No Variations]"
Add component (AddParameter): Name = "Value"; Value = "4.7k"; VariantName = "[No Variations]"
Added Component: Designator=R45B(RESC1608X06N)
Add component (AddParameter): Name = "MF"; Value = ""; VariantName = "[No Variations]"
Add component (AddParameter): Name = "MPN"; Value = ""; VariantName = "[No Variations]"
Add component (AddParameter): Name = "Supplier 1"; Value = ""; VariantName = "[No Variations]"
Add component (AddParameter): Name = "Supplier Part Number 1"; Value = ""; VariantName = "[No Variations]"
Add component (AddParameter): Name = "Value"; Value = "4.7k"; VariantName = "[No Variations]"
Added Component: Designator=R45C(RESC1608X06N)
Add component (AddParameter): Name = "MF"; Value = ""; VariantName = "[No Variations]"
Add component (AddParameter): Name = "MPN"; Value = ""; VariantName = "[No Variations]"
Add component (AddParameter): Name = "Supplier 1"; Value = ""; VariantName = "[No Variations]"
Add component (AddParameter): Name = "Supplier Part Number 1"; Value = ""; VariantName = "[No Variations]"
Add component (AddParameter): Name = "Value"; Value = "4.7k"; VariantName = "[No Variations]"
Added Component: Designator=R46A(RESC1608X06N)
Add component (AddParameter): Name = "MF"; Value = ""; VariantName = "[No Variations]"
Add component (AddParameter): Name = "MPN"; Value = ""; VariantName = "[No Variations]"
Add component (AddParameter): Name = "Supplier 1"; Value = ""; VariantName = "[No Variations]"
Add component (AddParameter): Name = "Supplier Part Number 1"; Value = ""; VariantName = "[No Variations]"
Add component (AddParameter): Name = "Value"; Value = "4.7k"; VariantName = "[No Variations]"
Added Component: Designator=R46B(RESC1608X06N)
Add component (AddParameter): Name = "MF"; Value = ""; VariantName = "[No Variations]"
Add component (AddParameter): Name = "MPN"; Value = ""; VariantName = "[No Variations]"
Add component (AddParameter): Name = "Supplier 1"; Value = ""; VariantName = "[No Variations]"
Add component (AddParameter): Name = "Supplier Part Number 1"; Value = ""; VariantName = "[No Variations]"
Add component (AddParameter): Name = "Value"; Value = "4.7k"; VariantName = "[No Variations]"
Added Component: Designator=R46C(RESC1608X06N)
Add component (AddParameter): Name = "MF"; Value = ""; VariantName = "[No Variations]"
Add component (AddParameter): Name = "MPN"; Value = ""; VariantName = "[No Variations]"
Add component (AddParameter): Name = "Supplier 1"; Value = ""; VariantName = "[No Variations]"
Add component (AddParameter): Name = "Supplier Part Number 1"; Value = ""; VariantName = "[No Variations]"
Add component (AddParameter): Name = "Value"; Value = "4.7k"; VariantName = "[No Variations]"
Added Component: Designator=U1A(LQFP-48_L)
Add component (AddParameter): Name = "ComponentLink1Description"; Value = "Datasheet"; VariantName = "[No Variations]"
Add component (AddParameter): Name = "ComponentLink1URL"; Value = "https://www.analog.com/media/en/technical-documentation/data-sheets/AD2S1210.pdf"; VariantName = "[No Variations]"
Add component (AddParameter): Name = "Created"; Value = "2019_04_20_AGeiger"; VariantName = "[No Variations]"
Add component (AddParameter): Name = "MF"; Value = "Analog Devices"; VariantName = "[No Variations]"
Add component (AddParameter): Name = "MPN"; Value = "AD2S1210WDSTZRL7"; VariantName = "[No Variations]"
Add component (AddParameter): Name = "Package"; Value = "LQFP-48"; VariantName = "[No Variations]"
Add component (AddParameter): Name = "Supplier 1"; Value = "Mouser"; VariantName = "[No Variations]"
Add component (AddParameter): Name = "Supplier 2"; Value = "Digi-Key"; VariantName = "[No Variations]"
Add component (AddParameter): Name = "Supplier Part Number 1"; Value = "584-AD2S1210WDSTZR7"; VariantName = "[No Variations]"
Add component (AddParameter): Name = "Supplier Part Number 2"; Value = "AD2S1210WDSTZRL7CT-ND"; VariantName = "[No Variations]"
Add component (AddParameter): Name = "Value"; Value = "AD2S1210"; VariantName = "[No Variations]"
Added Component: Designator=U1B(LQFP-48_L)
Add component (AddParameter): Name = "ComponentLink1Description"; Value = "Datasheet"; VariantName = "[No Variations]"
Add component (AddParameter): Name = "ComponentLink1URL"; Value = "https://www.analog.com/media/en/technical-documentation/data-sheets/AD2S1210.pdf"; VariantName = "[No Variations]"
Add component (AddParameter): Name = "Created"; Value = "2019_04_20_AGeiger"; VariantName = "[No Variations]"
Add component (AddParameter): Name = "MF"; Value = "Analog Devices"; VariantName = "[No Variations]"
Add component (AddParameter): Name = "MPN"; Value = "AD2S1210WDSTZRL7"; VariantName = "[No Variations]"
Add component (AddParameter): Name = "Package"; Value = "LQFP-48"; VariantName = "[No Variations]"
Add component (AddParameter): Name = "Supplier 1"; Value = "Mouser"; VariantName = "[No Variations]"
Add component (AddParameter): Name = "Supplier 2"; Value = "Digi-Key"; VariantName = "[No Variations]"
Add component (AddParameter): Name = "Supplier Part Number 1"; Value = "584-AD2S1210WDSTZR7"; VariantName = "[No Variations]"
Add component (AddParameter): Name = "Supplier Part Number 2"; Value = "AD2S1210WDSTZRL7CT-ND"; VariantName = "[No Variations]"
Add component (AddParameter): Name = "Value"; Value = "AD2S1210"; VariantName = "[No Variations]"
Added Component: Designator=U1C(LQFP-48_L)
Add component (AddParameter): Name = "ComponentLink1Description"; Value = "Datasheet"; VariantName = "[No Variations]"
Add component (AddParameter): Name = "ComponentLink1URL"; Value = "https://www.analog.com/media/en/technical-documentation/data-sheets/AD2S1210.pdf"; VariantName = "[No Variations]"
Add component (AddParameter): Name = "Created"; Value = "2019_04_20_AGeiger"; VariantName = "[No Variations]"
Add component (AddParameter): Name = "MF"; Value = "Analog Devices"; VariantName = "[No Variations]"
Add component (AddParameter): Name = "MPN"; Value = "AD2S1210WDSTZRL7"; VariantName = "[No Variations]"
Add component (AddParameter): Name = "Package"; Value = "LQFP-48"; VariantName = "[No Variations]"
Add component (AddParameter): Name = "Supplier 1"; Value = "Mouser"; VariantName = "[No Variations]"
Add component (AddParameter): Name = "Supplier 2"; Value = "Digi-Key"; VariantName = "[No Variations]"
Add component (AddParameter): Name = "Supplier Part Number 1"; Value = "584-AD2S1210WDSTZR7"; VariantName = "[No Variations]"
Add component (AddParameter): Name = "Supplier Part Number 2"; Value = "AD2S1210WDSTZRL7CT-ND"; VariantName = "[No Variations]"
Add component (AddParameter): Name = "Value"; Value = "AD2S1210"; VariantName = "[No Variations]"
Added Component: Designator=U2A(DC/DC 24V-->12V 1W Aislado)
Add component (AddParameter): Name = "MF"; Value = "CUI"; VariantName = "[No Variations]"
Add component (AddParameter): Name = "MPN"; Value = "PDS1-S24-S12-M-TR"; VariantName = "[No Variations]"
Add component (AddParameter): Name = "Package"; Value = "5-SMD"; VariantName = "[No Variations]"
Add component (AddParameter): Name = "Supplier 1"; Value = "Mouser"; VariantName = "[No Variations]"
Add component (AddParameter): Name = "Supplier 2"; Value = "Digi-Key"; VariantName = "[No Variations]"
Add component (AddParameter): Name = "Supplier Part Number 1"; Value = "490-PDS1S24S12MTR"; VariantName = "[No Variations]"
Add component (AddParameter): Name = "Supplier Part Number 2"; Value = "102-3406-1-ND"; VariantName = "[No Variations]"
Added Component: Designator=U2B(DC/DC 24V-->12V 1W Aislado)
Add component (AddParameter): Name = "MF"; Value = "CUI"; VariantName = "[No Variations]"
Add component (AddParameter): Name = "MPN"; Value = "PDS1-S24-S12-M-TR"; VariantName = "[No Variations]"
Add component (AddParameter): Name = "Package"; Value = "5-SMD"; VariantName = "[No Variations]"
Add component (AddParameter): Name = "Supplier 1"; Value = "Mouser"; VariantName = "[No Variations]"
Add component (AddParameter): Name = "Supplier 2"; Value = "Digi-Key"; VariantName = "[No Variations]"
Add component (AddParameter): Name = "Supplier Part Number 1"; Value = "490-PDS1S24S12MTR"; VariantName = "[No Variations]"
Add component (AddParameter): Name = "Supplier Part Number 2"; Value = "102-3406-1-ND"; VariantName = "[No Variations]"
Added Component: Designator=U2C(DC/DC 24V-->12V 1W Aislado)
Add component (AddParameter): Name = "MF"; Value = "CUI"; VariantName = "[No Variations]"
Add component (AddParameter): Name = "MPN"; Value = "PDS1-S24-S12-M-TR"; VariantName = "[No Variations]"
Add component (AddParameter): Name = "Package"; Value = "5-SMD"; VariantName = "[No Variations]"
Add component (AddParameter): Name = "Supplier 1"; Value = "Mouser"; VariantName = "[No Variations]"
Add component (AddParameter): Name = "Supplier 2"; Value = "Digi-Key"; VariantName = "[No Variations]"
Add component (AddParameter): Name = "Supplier Part Number 1"; Value = "490-PDS1S24S12MTR"; VariantName = "[No Variations]"
Add component (AddParameter): Name = "Supplier Part Number 2"; Value = "102-3406-1-ND"; VariantName = "[No Variations]"
Added Component: Designator=U3A(SOIC8_N)
Add component (AddParameter): Name = "MF"; Value = "Analog Devices"; VariantName = "[No Variations]"
Add component (AddParameter): Name = "MPN"; Value = "AD8662ARZ"; VariantName = "[No Variations]"
Add component (AddParameter): Name = "Package"; Value = "SOIC-8"; VariantName = "[No Variations]"
Add component (AddParameter): Name = "Supplier 1"; Value = "Mouser"; VariantName = "[No Variations]"
Add component (AddParameter): Name = "Supplier 2"; Value = "Digi-Key"; VariantName = "[No Variations]"
Add component (AddParameter): Name = "Supplier Part Number 1"; Value = "584-AD8662ARZ"; VariantName = "[No Variations]"
Add component (AddParameter): Name = "Supplier Part Number 2"; Value = "AD8662ARZ-ND"; VariantName = "[No Variations]"
Added Component: Designator=U3B(SOIC8_N)
Add component (AddParameter): Name = "MF"; Value = "Analog Devices"; VariantName = "[No Variations]"
Add component (AddParameter): Name = "MPN"; Value = "AD8662ARZ"; VariantName = "[No Variations]"
Add component (AddParameter): Name = "Package"; Value = "SOIC-8"; VariantName = "[No Variations]"
Add component (AddParameter): Name = "Supplier 1"; Value = "Mouser"; VariantName = "[No Variations]"
Add component (AddParameter): Name = "Supplier 2"; Value = "Digi-Key"; VariantName = "[No Variations]"
Add component (AddParameter): Name = "Supplier Part Number 1"; Value = "584-AD8662ARZ"; VariantName = "[No Variations]"
Add component (AddParameter): Name = "Supplier Part Number 2"; Value = "AD8662ARZ-ND"; VariantName = "[No Variations]"
Added Component: Designator=U3C(SOIC8_N)
Add component (AddParameter): Name = "MF"; Value = "Analog Devices"; VariantName = "[No Variations]"
Add component (AddParameter): Name = "MPN"; Value = "AD8662ARZ"; VariantName = "[No Variations]"
Add component (AddParameter): Name = "Package"; Value = "SOIC-8"; VariantName = "[No Variations]"
Add component (AddParameter): Name = "Supplier 1"; Value = "Mouser"; VariantName = "[No Variations]"
Add component (AddParameter): Name = "Supplier 2"; Value = "Digi-Key"; VariantName = "[No Variations]"
Add component (AddParameter): Name = "Supplier Part Number 1"; Value = "584-AD8662ARZ"; VariantName = "[No Variations]"
Add component (AddParameter): Name = "Supplier Part Number 2"; Value = "AD8662ARZ-ND"; VariantName = "[No Variations]"
Added Component: Designator=U4A(SOIC-14)
Add component (AddParameter): Name = "MF"; Value = "Analog Devices"; VariantName = "[No Variations]"
Add component (AddParameter): Name = "MPN"; Value = "LT1639HS#PBF"; VariantName = "[No Variations]"
Add component (AddParameter): Name = "Package"; Value = "SO-14"; VariantName = "[No Variations]"
Add component (AddParameter): Name = "Supplier 1"; Value = "Mouser"; VariantName = "[No Variations]"
Add component (AddParameter): Name = "Supplier 2"; Value = "Digikey"; VariantName = "[No Variations]"
Add component (AddParameter): Name = "Supplier Part Number 1"; Value = "584-LT1639HS#PBF"; VariantName = "[No Variations]"
Add component (AddParameter): Name = "Supplier Part Number 2"; Value = "LT1639HS#PBF-ND"; VariantName = "[No Variations]"
Added Component: Designator=U4B(SOIC-14)
Add component (AddParameter): Name = "MF"; Value = "Analog Devices"; VariantName = "[No Variations]"
Add component (AddParameter): Name = "MPN"; Value = "LT1639HS#PBF"; VariantName = "[No Variations]"
Add component (AddParameter): Name = "Package"; Value = "SO-14"; VariantName = "[No Variations]"
Add component (AddParameter): Name = "Supplier 1"; Value = "Mouser"; VariantName = "[No Variations]"
Add component (AddParameter): Name = "Supplier 2"; Value = "Digikey"; VariantName = "[No Variations]"
Add component (AddParameter): Name = "Supplier Part Number 1"; Value = "584-LT1639HS#PBF"; VariantName = "[No Variations]"
Add component (AddParameter): Name = "Supplier Part Number 2"; Value = "LT1639HS#PBF-ND"; VariantName = "[No Variations]"
Added Component: Designator=U4C(SOIC-14)
Add component (AddParameter): Name = "MF"; Value = "Analog Devices"; VariantName = "[No Variations]"
Add component (AddParameter): Name = "MPN"; Value = "LT1639HS#PBF"; VariantName = "[No Variations]"
Add component (AddParameter): Name = "Package"; Value = "SO-14"; VariantName = "[No Variations]"
Add component (AddParameter): Name = "Supplier 1"; Value = "Mouser"; VariantName = "[No Variations]"
Add component (AddParameter): Name = "Supplier 2"; Value = "Digikey"; VariantName = "[No Variations]"
Add component (AddParameter): Name = "Supplier Part Number 1"; Value = "584-LT1639HS#PBF"; VariantName = "[No Variations]"
Add component (AddParameter): Name = "Supplier Part Number 2"; Value = "LT1639HS#PBF-ND"; VariantName = "[No Variations]"
Added Component: Designator=X3A(Conector 3x2 TH Horizontal)
Add component (AddParameter): Name = "MF"; Value = "Samtec"; VariantName = "[No Variations]"
Add component (AddParameter): Name = "MPN"; Value = "IPL1-103-01-L-D-RA-K"; VariantName = "[No Variations]"
Add component (AddParameter): Name = "Supplier 1"; Value = "Mouser"; VariantName = "[No Variations]"
Add component (AddParameter): Name = "Supplier 2"; Value = "Digi-Key"; VariantName = "[No Variations]"
Add component (AddParameter): Name = "Supplier Part Number 1"; Value = "200-IPL110301LDRAK"; VariantName = "[No Variations]"
Add component (AddParameter): Name = "Supplier Part Number 2"; Value = "SAM9096-ND"; VariantName = "[No Variations]"
Added Component: Designator=X3B(Conector 3x2 TH Horizontal)
Add component (AddParameter): Name = "MF"; Value = "Samtec"; VariantName = "[No Variations]"
Add component (AddParameter): Name = "MPN"; Value = "IPL1-103-01-L-D-RA-K"; VariantName = "[No Variations]"
Add component (AddParameter): Name = "Supplier 1"; Value = "Mouser"; VariantName = "[No Variations]"
Add component (AddParameter): Name = "Supplier 2"; Value = "Digi-Key"; VariantName = "[No Variations]"
Add component (AddParameter): Name = "Supplier Part Number 1"; Value = "200-IPL110301LDRAK"; VariantName = "[No Variations]"
Add component (AddParameter): Name = "Supplier Part Number 2"; Value = "SAM9096-ND"; VariantName = "[No Variations]"
Added Component: Designator=X3C(Conector 3x2 TH Horizontal)
Add component (AddParameter): Name = "MF"; Value = "Samtec"; VariantName = "[No Variations]"
Add component (AddParameter): Name = "MPN"; Value = "IPL1-103-01-L-D-RA-K"; VariantName = "[No Variations]"
Add component (AddParameter): Name = "Supplier 1"; Value = "Mouser"; VariantName = "[No Variations]"
Add component (AddParameter): Name = "Supplier 2"; Value = "Digi-Key"; VariantName = "[No Variations]"
Add component (AddParameter): Name = "Supplier Part Number 1"; Value = "200-IPL110301LDRAK"; VariantName = "[No Variations]"
Add component (AddParameter): Name = "Supplier Part Number 2"; Value = "SAM9096-ND"; VariantName = "[No Variations]"
Added Component: Designator=XT1A(CRYSTALOSC)
Add component (AddParameter): Name = "MF"; Value = "ECS"; VariantName = "[No Variations]"
Add component (AddParameter): Name = "MPN"; Value = "ECS-80-18-30B-AGN-TR"; VariantName = "[No Variations]"
Add component (AddParameter): Name = "Package"; Value = "4-SMD"; VariantName = "[No Variations]"
Add component (AddParameter): Name = "Supplier 1"; Value = "Mouser"; VariantName = "[No Variations]"
Add component (AddParameter): Name = "Supplier 2"; Value = "Digi-Key"; VariantName = "[No Variations]"
Add component (AddParameter): Name = "Supplier Part Number 1"; Value = "520-80-18-30B-AGNT"; VariantName = "[No Variations]"
Add component (AddParameter): Name = "Supplier Part Number 2"; Value = "XC2709CT-ND"; VariantName = "[No Variations]"
Added Component: Designator=XT1B(CRYSTALOSC)
Add component (AddParameter): Name = "MF"; Value = "ECS"; VariantName = "[No Variations]"
Add component (AddParameter): Name = "MPN"; Value = "ECS-80-18-30B-AGN-TR"; VariantName = "[No Variations]"
Add component (AddParameter): Name = "Package"; Value = "4-SMD"; VariantName = "[No Variations]"
Add component (AddParameter): Name = "Supplier 1"; Value = "Mouser"; VariantName = "[No Variations]"
Add component (AddParameter): Name = "Supplier 2"; Value = "Digi-Key"; VariantName = "[No Variations]"
Add component (AddParameter): Name = "Supplier Part Number 1"; Value = "520-80-18-30B-AGNT"; VariantName = "[No Variations]"
Add component (AddParameter): Name = "Supplier Part Number 2"; Value = "XC2709CT-ND"; VariantName = "[No Variations]"
Added Component: Designator=XT1C(CRYSTALOSC)
Add component (AddParameter): Name = "MF"; Value = "ECS"; VariantName = "[No Variations]"
Add component (AddParameter): Name = "MPN"; Value = "ECS-80-18-30B-AGN-TR"; VariantName = "[No Variations]"
Add component (AddParameter): Name = "Package"; Value = "4-SMD"; VariantName = "[No Variations]"
Add component (AddParameter): Name = "Supplier 1"; Value = "Mouser"; VariantName = "[No Variations]"
Add component (AddParameter): Name = "Supplier 2"; Value = "Digi-Key"; VariantName = "[No Variations]"
Add component (AddParameter): Name = "Supplier Part Number 1"; Value = "520-80-18-30B-AGNT"; VariantName = "[No Variations]"
Add component (AddParameter): Name = "Supplier Part Number 2"; Value = "XC2709CT-ND"; VariantName = "[No Variations]"
Added Pin To Net: NetName=AGND_RESOLVER Pin=BS1A-1
Added Pin To Net: NetName=GND Pin=BS1A-2
Added Pin To Net: NetName=AGND_RESOLVER Pin=BS1B-1
Added Pin To Net: NetName=GND Pin=BS1B-2
Added Pin To Net: NetName=AGND_RESOLVER Pin=BS1C-1
Added Pin To Net: NetName=GND Pin=BS1C-2
Added Pin To Net: NetName=+5V_Resolver Pin=BS2A-1
Added Pin To Net: NetName=5V_PER_fused Pin=BS2A-2
Added Pin To Net: NetName=+5V_Resolver Pin=BS2B-1
Added Pin To Net: NetName=5V_PER_fused Pin=BS2B-2
Added Pin To Net: NetName=+5V_Resolver Pin=BS2C-1
Added Pin To Net: NetName=5V_PER_fused Pin=BS2C-2
Added Pin To Net: NetName=GND Pin=C1A-1
Added Pin To Net: NetName=+5V_Resolver Pin=C1A-2
Added Pin To Net: NetName=GND Pin=C1B-1
Added Pin To Net: NetName=+5V_Resolver Pin=C1B-2
Added Pin To Net: NetName=GND Pin=C1C-1
Added Pin To Net: NetName=+5V_Resolver Pin=C1C-2
Added Pin To Net: NetName=GND Pin=C2A-1
Added Pin To Net: NetName=+5V_Resolver Pin=C2A-2
Added Pin To Net: NetName=GND Pin=C2B-1
Added Pin To Net: NetName=+5V_Resolver Pin=C2B-2
Added Pin To Net: NetName=GND Pin=C2C-1
Added Pin To Net: NetName=+5V_Resolver Pin=C2C-2
Added Pin To Net: NetName=CLK_INA Pin=C3A-1
Added Pin To Net: NetName=GND Pin=C3A-2
Added Pin To Net: NetName=CLK_INB Pin=C3B-1
Added Pin To Net: NetName=GND Pin=C3B-2
Added Pin To Net: NetName=CLK_INC Pin=C3C-1
Added Pin To Net: NetName=GND Pin=C3C-2
Added Pin To Net: NetName=CLK_OUTA Pin=C4A-1
Added Pin To Net: NetName=GND Pin=C4A-2
Added Pin To Net: NetName=CLK_OUTB Pin=C4B-1
Added Pin To Net: NetName=GND Pin=C4B-2
Added Pin To Net: NetName=CLK_OUTC Pin=C4C-1
Added Pin To Net: NetName=GND Pin=C4C-2
Added Pin To Net: NetName=AGND_RESOLVER Pin=C5A-1
Added Pin To Net: NetName=NetC5A_2 Pin=C5A-2
Added Pin To Net: NetName=AGND_RESOLVER Pin=C5B-1
Added Pin To Net: NetName=NetC5B_2 Pin=C5B-2
Added Pin To Net: NetName=AGND_RESOLVER Pin=C5C-1
Added Pin To Net: NetName=NetC5C_2 Pin=C5C-2
Added Pin To Net: NetName=NetC5A_2 Pin=C6A-1
Added Pin To Net: NetName=AGND_RESOLVER Pin=C6A-2
Added Pin To Net: NetName=NetC5B_2 Pin=C6B-1
Added Pin To Net: NetName=AGND_RESOLVER Pin=C6B-2
Added Pin To Net: NetName=NetC5C_2 Pin=C6C-1
Added Pin To Net: NetName=AGND_RESOLVER Pin=C6C-2
Added Pin To Net: NetName=GND Pin=C7A-1
Added Pin To Net: NetName=3V3_PER_fused Pin=C7A-2
Added Pin To Net: NetName=GND Pin=C7B-1
Added Pin To Net: NetName=3V3_PER_fused Pin=C7B-2
Added Pin To Net: NetName=GND Pin=C7C-1
Added Pin To Net: NetName=3V3_PER_fused Pin=C7C-2
Added Pin To Net: NetName=+5V_Resolver Pin=C8A-1
Added Pin To Net: NetName=AGND_RESOLVER Pin=C8A-2
Added Pin To Net: NetName=+5V_Resolver Pin=C8B-1
Added Pin To Net: NetName=AGND_RESOLVER Pin=C8B-2
Added Pin To Net: NetName=+5V_Resolver Pin=C8C-1
Added Pin To Net: NetName=AGND_RESOLVER Pin=C8C-2
Added Pin To Net: NetName=+5V_Resolver Pin=C9A-1
Added Pin To Net: NetName=AGND_RESOLVER Pin=C9A-2
Added Pin To Net: NetName=+5V_Resolver Pin=C9B-1
Added Pin To Net: NetName=AGND_RESOLVER Pin=C9B-2
Added Pin To Net: NetName=+5V_Resolver Pin=C9C-1
Added Pin To Net: NetName=AGND_RESOLVER Pin=C9C-2
Added Pin To Net: NetName=GND Pin=C10A-1
Added Pin To Net: NetName=3V3_PER_fused Pin=C10A-2
Added Pin To Net: NetName=GND Pin=C10B-1
Added Pin To Net: NetName=3V3_PER_fused Pin=C10B-2
Added Pin To Net: NetName=GND Pin=C10C-1
Added Pin To Net: NetName=3V3_PER_fused Pin=C10C-2
Added Pin To Net: NetName=VIN_fused Pin=C11A-1
Added Pin To Net: NetName=GND Pin=C11A-2
Added Pin To Net: NetName=VIN_fused Pin=C11B-1
Added Pin To Net: NetName=GND Pin=C11B-2
Added Pin To Net: NetName=VIN_fused Pin=C11C-1
Added Pin To Net: NetName=GND Pin=C11C-2
Added Pin To Net: NetName=+12V Pin=C12A-1
Added Pin To Net: NetName=GND Pin=C12A-2
Added Pin To Net: NetName=+12V Pin=C12B-1
Added Pin To Net: NetName=GND Pin=C12B-2
Added Pin To Net: NetName=+12V Pin=C12C-1
Added Pin To Net: NetName=GND Pin=C12C-2
Added Pin To Net: NetName=+12V Pin=C13A-1
Added Pin To Net: NetName=GND Pin=C13A-2
Added Pin To Net: NetName=+12V Pin=C13B-1
Added Pin To Net: NetName=GND Pin=C13B-2
Added Pin To Net: NetName=+12V Pin=C13C-1
Added Pin To Net: NetName=GND Pin=C13C-2
Added Pin To Net: NetName=NetC14A_1 Pin=C14A-1
Added Pin To Net: NetName=NetC14A_2 Pin=C14A-2
Added Pin To Net: NetName=NetC14B_1 Pin=C14B-1
Added Pin To Net: NetName=NetC14B_2 Pin=C14B-2
Added Pin To Net: NetName=NetC14C_1 Pin=C14C-1
Added Pin To Net: NetName=NetC14C_2 Pin=C14C-2
Added Pin To Net: NetName=NetC15A_1 Pin=C15A-1
Added Pin To Net: NetName=NetC15A_2 Pin=C15A-2
Added Pin To Net: NetName=NetC15B_1 Pin=C15B-1
Added Pin To Net: NetName=NetC15B_2 Pin=C15B-2
Added Pin To Net: NetName=NetC15C_1 Pin=C15C-1
Added Pin To Net: NetName=NetC15C_2 Pin=C15C-2
Added Pin To Net: NetName=NetC16A_1 Pin=C16A-1
Added Pin To Net: NetName=GND Pin=C16A-2
Added Pin To Net: NetName=NetC16B_1 Pin=C16B-1
Added Pin To Net: NetName=GND Pin=C16B-2
Added Pin To Net: NetName=NetC16C_1 Pin=C16C-1
Added Pin To Net: NetName=GND Pin=C16C-2
Added Pin To Net: NetName=NetC17A_1 Pin=C17A-1
Added Pin To Net: NetName=GND Pin=C17A-2
Added Pin To Net: NetName=NetC17B_1 Pin=C17B-1
Added Pin To Net: NetName=GND Pin=C17B-2
Added Pin To Net: NetName=NetC17C_1 Pin=C17C-1
Added Pin To Net: NetName=GND Pin=C17C-2
Added Pin To Net: NetName=NetC18A_1 Pin=C18A-1
Added Pin To Net: NetName=GND Pin=C18A-2
Added Pin To Net: NetName=NetC18B_1 Pin=C18B-1
Added Pin To Net: NetName=GND Pin=C18B-2
Added Pin To Net: NetName=NetC18C_1 Pin=C18C-1
Added Pin To Net: NetName=GND Pin=C18C-2
Added Pin To Net: NetName=NetC19A_1 Pin=C19A-1
Added Pin To Net: NetName=GND Pin=C19A-2
Added Pin To Net: NetName=NetC19B_1 Pin=C19B-1
Added Pin To Net: NetName=GND Pin=C19B-2
Added Pin To Net: NetName=NetC19C_1 Pin=C19C-1
Added Pin To Net: NetName=GND Pin=C19C-2
Added Pin To Net: NetName=NetC20A_1 Pin=C20A-1
Added Pin To Net: NetName=GND Pin=C20A-2
Added Pin To Net: NetName=NetC20B_1 Pin=C20B-1
Added Pin To Net: NetName=GND Pin=C20B-2
Added Pin To Net: NetName=NetC20C_1 Pin=C20C-1
Added Pin To Net: NetName=GND Pin=C20C-2
Added Pin To Net: NetName=NetC21A_1 Pin=C21A-1
Added Pin To Net: NetName=GND Pin=C21A-2
Added Pin To Net: NetName=NetC21B_1 Pin=C21B-1
Added Pin To Net: NetName=GND Pin=C21B-2
Added Pin To Net: NetName=NetC21C_1 Pin=C21C-1
Added Pin To Net: NetName=GND Pin=C21C-2
Added Pin To Net: NetName=NetC22A_1 Pin=C22A-1
Added Pin To Net: NetName=GND Pin=C22A-2
Added Pin To Net: NetName=NetC22B_1 Pin=C22B-1
Added Pin To Net: NetName=GND Pin=C22B-2
Added Pin To Net: NetName=NetC22C_1 Pin=C22C-1
Added Pin To Net: NetName=GND Pin=C22C-2
Added Pin To Net: NetName=NetC23A_1 Pin=C23A-1
Added Pin To Net: NetName=GND Pin=C23A-2
Added Pin To Net: NetName=NetC23B_1 Pin=C23B-1
Added Pin To Net: NetName=GND Pin=C23B-2
Added Pin To Net: NetName=NetC23C_1 Pin=C23C-1
Added Pin To Net: NetName=GND Pin=C23C-2
Added Pin To Net: NetName=+5V_Resolver Pin=C24A-1
Added Pin To Net: NetName=GND Pin=C24A-2
Added Pin To Net: NetName=+5V_Resolver Pin=C24B-1
Added Pin To Net: NetName=GND Pin=C24B-2
Added Pin To Net: NetName=+5V_Resolver Pin=C24C-1
Added Pin To Net: NetName=GND Pin=C24C-2
Added Pin To Net: NetName=SIN_LOA Pin=C25A-1
Added Pin To Net: NetName=GND Pin=C25A-2
Added Pin To Net: NetName=SIN_LOB Pin=C25B-1
Added Pin To Net: NetName=GND Pin=C25B-2
Added Pin To Net: NetName=SIN_LOC Pin=C25C-1
Added Pin To Net: NetName=GND Pin=C25C-2
Added Pin To Net: NetName=SINA Pin=C26A-1
Added Pin To Net: NetName=GND Pin=C26A-2
Added Pin To Net: NetName=SINB Pin=C26B-1
Added Pin To Net: NetName=GND Pin=C26B-2
Added Pin To Net: NetName=SINC Pin=C26C-1
Added Pin To Net: NetName=GND Pin=C26C-2
Added Pin To Net: NetName=COSA Pin=C27A-1
Added Pin To Net: NetName=GND Pin=C27A-2
Added Pin To Net: NetName=COSB Pin=C27B-1
Added Pin To Net: NetName=GND Pin=C27B-2
Added Pin To Net: NetName=COSC Pin=C27C-1
Added Pin To Net: NetName=GND Pin=C27C-2
Added Pin To Net: NetName=COS_LOA Pin=C28A-1
Added Pin To Net: NetName=GND Pin=C28A-2
Added Pin To Net: NetName=COS_LOB Pin=C28B-1
Added Pin To Net: NetName=GND Pin=C28B-2
Added Pin To Net: NetName=COS_LOC Pin=C28C-1
Added Pin To Net: NetName=GND Pin=C28C-2
Added Pin To Net: NetName=NetD1A_1 Pin=D1A-1
Added Pin To Net: NetName=NetD1A_2 Pin=D1A-2
Added Pin To Net: NetName=NetD1A_3 Pin=D1A-3
Added Pin To Net: NetName=NetD1B_1 Pin=D1B-1
Added Pin To Net: NetName=NetD1B_2 Pin=D1B-2
Added Pin To Net: NetName=NetD1B_3 Pin=D1B-3
Added Pin To Net: NetName=NetD1C_1 Pin=D1C-1
Added Pin To Net: NetName=NetD1C_2 Pin=D1C-2
Added Pin To Net: NetName=NetD1C_3 Pin=D1C-3
Added Pin To Net: NetName=NetD2A_1 Pin=D2A-1
Added Pin To Net: NetName=NetD2A_2 Pin=D2A-2
Added Pin To Net: NetName=NetD2A_3 Pin=D2A-3
Added Pin To Net: NetName=NetD2B_1 Pin=D2B-1
Added Pin To Net: NetName=NetD2B_2 Pin=D2B-2
Added Pin To Net: NetName=NetD2B_3 Pin=D2B-3
Added Pin To Net: NetName=NetD2C_1 Pin=D2C-1
Added Pin To Net: NetName=NetD2C_2 Pin=D2C-2
Added Pin To Net: NetName=NetD2C_3 Pin=D2C-3
Added Pin To Net: NetName=GND Pin=D3A-1
Added Pin To Net: NetName=+5V_Resolver Pin=D3A-2
Added Pin To Net: NetName=NetC20A_1 Pin=D3A-3
Added Pin To Net: NetName=GND Pin=D3B-1
Added Pin To Net: NetName=+5V_Resolver Pin=D3B-2
Added Pin To Net: NetName=NetC20B_1 Pin=D3B-3
Added Pin To Net: NetName=GND Pin=D3C-1
Added Pin To Net: NetName=+5V_Resolver Pin=D3C-2
Added Pin To Net: NetName=NetC20C_1 Pin=D3C-3
Added Pin To Net: NetName=GND Pin=D4A-1
Added Pin To Net: NetName=+5V_Resolver Pin=D4A-2
Added Pin To Net: NetName=NetC21A_1 Pin=D4A-3
Added Pin To Net: NetName=GND Pin=D4B-1
Added Pin To Net: NetName=+5V_Resolver Pin=D4B-2
Added Pin To Net: NetName=NetC21B_1 Pin=D4B-3
Added Pin To Net: NetName=GND Pin=D4C-1
Added Pin To Net: NetName=+5V_Resolver Pin=D4C-2
Added Pin To Net: NetName=NetC21C_1 Pin=D4C-3
Added Pin To Net: NetName=GND Pin=D5A-1
Added Pin To Net: NetName=+5V_Resolver Pin=D5A-2
Added Pin To Net: NetName=NetC22A_1 Pin=D5A-3
Added Pin To Net: NetName=GND Pin=D5B-1
Added Pin To Net: NetName=+5V_Resolver Pin=D5B-2
Added Pin To Net: NetName=NetC22B_1 Pin=D5B-3
Added Pin To Net: NetName=GND Pin=D5C-1
Added Pin To Net: NetName=+5V_Resolver Pin=D5C-2
Added Pin To Net: NetName=NetC22C_1 Pin=D5C-3
Added Pin To Net: NetName=GND Pin=D6A-1
Added Pin To Net: NetName=+5V_Resolver Pin=D6A-2
Added Pin To Net: NetName=NetC23A_1 Pin=D6A-3
Added Pin To Net: NetName=GND Pin=D6B-1
Added Pin To Net: NetName=+5V_Resolver Pin=D6B-2
Added Pin To Net: NetName=NetC23B_1 Pin=D6B-3
Added Pin To Net: NetName=GND Pin=D6C-1
Added Pin To Net: NetName=+5V_Resolver Pin=D6C-2
Added Pin To Net: NetName=NetC23C_1 Pin=D6C-3
Add Pin To Net: Unknown Pin: Pin LED1-1
Add Pin To Net: Unknown Pin: Pin LED1-2
Add Pin To Net: Unknown Pin: Pin LED2-1
Add Pin To Net: Unknown Pin: Pin LED2-2
Add Pin To Net: Unknown Pin: Pin LED3-1
Add Pin To Net: Unknown Pin: Pin LED3-2
Added Pin To Net: NetName=NetQ1A_1 Pin=Q1A-1
Added Pin To Net: NetName=NetQ1A_2 Pin=Q1A-2
Added Pin To Net: NetName=+12V Pin=Q1A-3
Added Pin To Net: NetName=NetQ1B_1 Pin=Q1B-1
Added Pin To Net: NetName=NetQ1B_2 Pin=Q1B-2
Added Pin To Net: NetName=+12V Pin=Q1B-3
Added Pin To Net: NetName=NetQ1C_1 Pin=Q1C-1
Added Pin To Net: NetName=NetQ1C_2 Pin=Q1C-2
Added Pin To Net: NetName=+12V Pin=Q1C-3
Added Pin To Net: NetName=NetQ2A_1 Pin=Q2A-1
Added Pin To Net: NetName=NetQ2A_2 Pin=Q2A-2
Added Pin To Net: NetName=GND Pin=Q2A-3
Added Pin To Net: NetName=NetQ2B_1 Pin=Q2B-1
Added Pin To Net: NetName=NetQ2B_2 Pin=Q2B-2
Added Pin To Net: NetName=GND Pin=Q2B-3
Added Pin To Net: NetName=NetQ2C_1 Pin=Q2C-1
Added Pin To Net: NetName=NetQ2C_2 Pin=Q2C-2
Added Pin To Net: NetName=GND Pin=Q2C-3
Added Pin To Net: NetName=NetQ3A_1 Pin=Q3A-1
Added Pin To Net: NetName=NetQ3A_2 Pin=Q3A-2
Added Pin To Net: NetName=+12V Pin=Q3A-3
Added Pin To Net: NetName=NetQ3B_1 Pin=Q3B-1
Added Pin To Net: NetName=NetQ3B_2 Pin=Q3B-2
Added Pin To Net: NetName=+12V Pin=Q3B-3
Added Pin To Net: NetName=NetQ3C_1 Pin=Q3C-1
Added Pin To Net: NetName=NetQ3C_2 Pin=Q3C-2
Added Pin To Net: NetName=+12V Pin=Q3C-3
Added Pin To Net: NetName=NetQ4A_1 Pin=Q4A-1
Added Pin To Net: NetName=NetQ4A_2 Pin=Q4A-2
Added Pin To Net: NetName=GND Pin=Q4A-3
Added Pin To Net: NetName=NetQ4B_1 Pin=Q4B-1
Added Pin To Net: NetName=NetQ4B_2 Pin=Q4B-2
Added Pin To Net: NetName=GND Pin=Q4B-3
Added Pin To Net: NetName=NetQ4C_1 Pin=Q4C-1
Added Pin To Net: NetName=NetQ4C_2 Pin=Q4C-2
Added Pin To Net: NetName=GND Pin=Q4C-3
Added Pin To Net: NetName=NetLED1_2 Pin=R3-1
Added Pin To Net: NetName=VIN_fused Pin=R3-2
Added Pin To Net: NetName=NetLED2_2 Pin=R4-1
Added Pin To Net: NetName=5V_PER_fused Pin=R4-2
Added Pin To Net: NetName=NetLED3_2 Pin=R5-1
Added Pin To Net: NetName=3V3_PER_fused Pin=R5-2
Added Pin To Net: NetName=GND Pin=R6A-1
Added Pin To Net: NetName=NetR6A_2 Pin=R6A-2
Added Pin To Net: NetName=GND Pin=R6B-1
Added Pin To Net: NetName=NetR6B_2 Pin=R6B-2
Added Pin To Net: NetName=GND Pin=R6C-1
Added Pin To Net: NetName=NetR6C_2 Pin=R6C-2
Added Pin To Net: NetName=NetR6A_2 Pin=R7A-1
Added Pin To Net: NetName=3V3_PER_fused Pin=R7A-2
Added Pin To Net: NetName=NetR6B_2 Pin=R7B-1
Added Pin To Net: NetName=3V3_PER_fused Pin=R7B-2
Added Pin To Net: NetName=NetR6C_2 Pin=R7C-1
Added Pin To Net: NetName=3V3_PER_fused Pin=R7C-2
Added Pin To Net: NetName=\Resolver_CSA Pin=R8A-1
Added Pin To Net: NetName=GND Pin=R8A-2
Added Pin To Net: NetName=\Resolver_CSB Pin=R8B-1
Added Pin To Net: NetName=GND Pin=R8B-2
Added Pin To Net: NetName=\Resolver_CSC Pin=R8C-1
Added Pin To Net: NetName=GND Pin=R8C-2
Added Pin To Net: NetName=GND Pin=R9A-1
Added Pin To Net: NetName=NetR9A_2 Pin=R9A-2
Added Pin To Net: NetName=GND Pin=R9B-1
Added Pin To Net: NetName=NetR9B_2 Pin=R9B-2
Added Pin To Net: NetName=GND Pin=R9C-1
Added Pin To Net: NetName=NetR9C_2 Pin=R9C-2
Added Pin To Net: NetName=NetR10A_1 Pin=R10A-1
Added Pin To Net: NetName=3V3_PER_fused Pin=R10A-2
Added Pin To Net: NetName=NetR10B_1 Pin=R10B-1
Added Pin To Net: NetName=3V3_PER_fused Pin=R10B-2
Added Pin To Net: NetName=NetR10C_1 Pin=R10C-1
Added Pin To Net: NetName=3V3_PER_fused Pin=R10C-2
Added Pin To Net: NetName=GND Pin=R11A-1
Added Pin To Net: NetName=NetR10A_1 Pin=R11A-2
Added Pin To Net: NetName=GND Pin=R11B-1
Added Pin To Net: NetName=NetR10B_1 Pin=R11B-2
Added Pin To Net: NetName=GND Pin=R11C-1
Added Pin To Net: NetName=NetR10C_1 Pin=R11C-2
Added Pin To Net: NetName=NetR9A_2 Pin=R12A-1
Added Pin To Net: NetName=3V3_PER_fused Pin=R12A-2
Added Pin To Net: NetName=NetR9B_2 Pin=R12B-1
Added Pin To Net: NetName=3V3_PER_fused Pin=R12B-2
Added Pin To Net: NetName=NetR9C_2 Pin=R12C-1
Added Pin To Net: NetName=3V3_PER_fused Pin=R12C-2
Added Pin To Net: NetName=DIG_IO_00 Pin=R13A-1
Added Pin To Net: NetName=+5V_Resolver Pin=R13A-2
Added Pin To Net: NetName=DIG_IO_09 Pin=R13B-1
Added Pin To Net: NetName=+5V_Resolver Pin=R13B-2
Added Pin To Net: NetName=DIG_IO_18 Pin=R13C-1
Added Pin To Net: NetName=+5V_Resolver Pin=R13C-2
Added Pin To Net: NetName=GND Pin=R14A-1
Added Pin To Net: NetName=NetR14A_2 Pin=R14A-2
Added Pin To Net: NetName=GND Pin=R14B-1
Added Pin To Net: NetName=NetR14B_2 Pin=R14B-2
Added Pin To Net: NetName=GND Pin=R14C-1
Added Pin To Net: NetName=NetR14C_2 Pin=R14C-2
Added Pin To Net: NetName=NetR14A_2 Pin=R15A-1
Added Pin To Net: NetName=3V3_PER_fused Pin=R15A-2
Added Pin To Net: NetName=NetR14B_2 Pin=R15B-1
Added Pin To Net: NetName=3V3_PER_fused Pin=R15B-2
Added Pin To Net: NetName=NetR14C_2 Pin=R15C-1
Added Pin To Net: NetName=3V3_PER_fused Pin=R15C-2
Added Pin To Net: NetName=DIG_IO_06 Pin=R16A-1
Added Pin To Net: NetName=3V3_PER_fused Pin=R16A-2
Added Pin To Net: NetName=DIG_IO_15 Pin=R16B-1
Added Pin To Net: NetName=3V3_PER_fused Pin=R16B-2
Added Pin To Net: NetName=DIG_IO_24 Pin=R16C-1
Added Pin To Net: NetName=3V3_PER_fused Pin=R16C-2
Added Pin To Net: NetName=GND Pin=R17A-1
Added Pin To Net: NetName=DIG_IO_06 Pin=R17A-2
Added Pin To Net: NetName=GND Pin=R17B-1
Added Pin To Net: NetName=DIG_IO_15 Pin=R17B-2
Added Pin To Net: NetName=GND Pin=R17C-1
Added Pin To Net: NetName=DIG_IO_24 Pin=R17C-2
Added Pin To Net: NetName=DIG_IO_05 Pin=R18A-1
Added Pin To Net: NetName=3V3_PER_fused Pin=R18A-2
Added Pin To Net: NetName=DIG_IO_14 Pin=R18B-1
Added Pin To Net: NetName=3V3_PER_fused Pin=R18B-2
Added Pin To Net: NetName=DIG_IO_23 Pin=R18C-1
Added Pin To Net: NetName=3V3_PER_fused Pin=R18C-2
Added Pin To Net: NetName=GND Pin=R19A-1
Added Pin To Net: NetName=DIG_IO_05 Pin=R19A-2
Added Pin To Net: NetName=GND Pin=R19B-1
Added Pin To Net: NetName=DIG_IO_14 Pin=R19B-2
Added Pin To Net: NetName=GND Pin=R19C-1
Added Pin To Net: NetName=DIG_IO_23 Pin=R19C-2
Added Pin To Net: NetName=\Reset_ResolverA Pin=R20A-1
Added Pin To Net: NetName=GND Pin=R20A-2
Added Pin To Net: NetName=\Reset_ResolverB Pin=R20B-1
Added Pin To Net: NetName=GND Pin=R20B-2
Added Pin To Net: NetName=\Reset_ResolverC Pin=R20C-1
Added Pin To Net: NetName=GND Pin=R20C-2
Added Pin To Net: NetName=VREF_Resolver Pin=R21A-1
Added Pin To Net: NetName=+12V Pin=R21A-2
Added Pin To Net: NetName=VREF_Resolver Pin=R21B-1
Added Pin To Net: NetName=+12V Pin=R21B-2
Added Pin To Net: NetName=VREF_Resolver Pin=R21C-1
Added Pin To Net: NetName=+12V Pin=R21C-2
Added Pin To Net: NetName=GND Pin=R22A-1
Added Pin To Net: NetName=VREF_Resolver Pin=R22A-2
Added Pin To Net: NetName=GND Pin=R22B-1
Added Pin To Net: NetName=VREF_Resolver Pin=R22B-2
Added Pin To Net: NetName=GND Pin=R22C-1
Added Pin To Net: NetName=VREF_Resolver Pin=R22C-2
Added Pin To Net: NetName=NetC14A_1 Pin=R23A-1
Added Pin To Net: NetName=N_EXCA Pin=R23A-2
Added Pin To Net: NetName=NetC14B_1 Pin=R23B-1
Added Pin To Net: NetName=N_EXCB Pin=R23B-2
Added Pin To Net: NetName=NetC14C_1 Pin=R23C-1
Added Pin To Net: NetName=N_EXCC Pin=R23C-2
Added Pin To Net: NetName=NetC15A_1 Pin=R24A-1
Added Pin To Net: NetName=EXCA Pin=R24A-2
Added Pin To Net: NetName=NetC15B_1 Pin=R24B-1
Added Pin To Net: NetName=EXCB Pin=R24B-2
Added Pin To Net: NetName=NetC15C_1 Pin=R24C-1
Added Pin To Net: NetName=EXCC Pin=R24C-2
Added Pin To Net: NetName=NetC14A_1 Pin=R25A-1
Added Pin To Net: NetName=NetC14A_2 Pin=R25A-2
Added Pin To Net: NetName=NetC14B_1 Pin=R25B-1
Added Pin To Net: NetName=NetC14B_2 Pin=R25B-2
Added Pin To Net: NetName=NetC14C_1 Pin=R25C-1
Added Pin To Net: NetName=NetC14C_2 Pin=R25C-2
Added Pin To Net: NetName=NetC15A_1 Pin=R26A-1
Added Pin To Net: NetName=NetC15A_2 Pin=R26A-2
Added Pin To Net: NetName=NetC15B_1 Pin=R26B-1
Added Pin To Net: NetName=NetC15B_2 Pin=R26B-2
Added Pin To Net: NetName=NetC15C_1 Pin=R26C-1
Added Pin To Net: NetName=NetC15C_2 Pin=R26C-2
Added Pin To Net: NetName=NetQ1A_1 Pin=R27A-1
Added Pin To Net: NetName=+12V Pin=R27A-2
Added Pin To Net: NetName=NetQ1B_1 Pin=R27B-1
Added Pin To Net: NetName=+12V Pin=R27B-2
Added Pin To Net: NetName=NetQ1C_1 Pin=R27C-1
Added Pin To Net: NetName=+12V Pin=R27C-2
Added Pin To Net: NetName=NetD1A_1 Pin=R28A-1
Added Pin To Net: NetName=NetQ1A_1 Pin=R28A-2
Added Pin To Net: NetName=NetD1B_1 Pin=R28B-1
Added Pin To Net: NetName=NetQ1B_1 Pin=R28B-2
Added Pin To Net: NetName=NetD1C_1 Pin=R28C-1
Added Pin To Net: NetName=NetQ1C_1 Pin=R28C-2
Added Pin To Net: NetName=NetD1A_2 Pin=R29A-1
Added Pin To Net: NetName=NetQ2A_1 Pin=R29A-2
Added Pin To Net: NetName=NetD1B_2 Pin=R29B-1
Added Pin To Net: NetName=NetQ2B_1 Pin=R29B-2
Added Pin To Net: NetName=NetD1C_2 Pin=R29C-1
Added Pin To Net: NetName=NetQ2C_1 Pin=R29C-2
Added Pin To Net: NetName=NetQ2A_1 Pin=R30A-1
Added Pin To Net: NetName=GND Pin=R30A-2
Added Pin To Net: NetName=NetQ2B_1 Pin=R30B-1
Added Pin To Net: NetName=GND Pin=R30B-2
Added Pin To Net: NetName=NetQ2C_1 Pin=R30C-1
Added Pin To Net: NetName=GND Pin=R30C-2
Added Pin To Net: NetName=NetQ3A_1 Pin=R31A-1
Added Pin To Net: NetName=+12V Pin=R31A-2
Added Pin To Net: NetName=NetQ3B_1 Pin=R31B-1
Added Pin To Net: NetName=+12V Pin=R31B-2
Added Pin To Net: NetName=NetQ3C_1 Pin=R31C-1
Added Pin To Net: NetName=+12V Pin=R31C-2
Added Pin To Net: NetName=NetD2A_1 Pin=R32A-1
Added Pin To Net: NetName=NetQ3A_1 Pin=R32A-2
Added Pin To Net: NetName=NetD2B_1 Pin=R32B-1
Added Pin To Net: NetName=NetQ3B_1 Pin=R32B-2
Added Pin To Net: NetName=NetD2C_1 Pin=R32C-1
Added Pin To Net: NetName=NetQ3C_1 Pin=R32C-2
Added Pin To Net: NetName=NetD2A_2 Pin=R33A-1
Added Pin To Net: NetName=NetQ4A_1 Pin=R33A-2
Added Pin To Net: NetName=NetD2B_2 Pin=R33B-1
Added Pin To Net: NetName=NetQ4B_1 Pin=R33B-2
Added Pin To Net: NetName=NetD2C_2 Pin=R33C-1
Added Pin To Net: NetName=NetQ4C_1 Pin=R33C-2
Added Pin To Net: NetName=NetQ4A_1 Pin=R34A-1
Added Pin To Net: NetName=GND Pin=R34A-2
Added Pin To Net: NetName=NetQ4B_1 Pin=R34B-1
Added Pin To Net: NetName=GND Pin=R34B-2
Added Pin To Net: NetName=NetQ4C_1 Pin=R34C-1
Added Pin To Net: NetName=GND Pin=R34C-2
Added Pin To Net: NetName=NetQ1A_2 Pin=R35A-1
Added Pin To Net: NetName=NetC14A_2 Pin=R35A-2
Added Pin To Net: NetName=NetQ1B_2 Pin=R35B-1
Added Pin To Net: NetName=NetC14B_2 Pin=R35B-2
Added Pin To Net: NetName=NetQ1C_2 Pin=R35C-1
Added Pin To Net: NetName=NetC14C_2 Pin=R35C-2
Added Pin To Net: NetName=NetC14A_2 Pin=R36A-1
Added Pin To Net: NetName=NetQ2A_2 Pin=R36A-2
Added Pin To Net: NetName=NetC14B_2 Pin=R36B-1
Added Pin To Net: NetName=NetQ2B_2 Pin=R36B-2
Added Pin To Net: NetName=NetC14C_2 Pin=R36C-1
Added Pin To Net: NetName=NetQ2C_2 Pin=R36C-2
Added Pin To Net: NetName=NetQ3A_2 Pin=R37A-1
Added Pin To Net: NetName=NetC15A_2 Pin=R37A-2
Added Pin To Net: NetName=NetQ3B_2 Pin=R37B-1
Added Pin To Net: NetName=NetC15B_2 Pin=R37B-2
Added Pin To Net: NetName=NetQ3C_2 Pin=R37C-1
Added Pin To Net: NetName=NetC15C_2 Pin=R37C-2
Added Pin To Net: NetName=NetC15A_2 Pin=R38A-1
Added Pin To Net: NetName=NetQ4A_2 Pin=R38A-2
Added Pin To Net: NetName=NetC15B_2 Pin=R38B-1
Added Pin To Net: NetName=NetQ4B_2 Pin=R38B-2
Added Pin To Net: NetName=NetC15C_2 Pin=R38C-1
Added Pin To Net: NetName=NetQ4C_2 Pin=R38C-2
Added Pin To Net: NetName=NetC16A_1 Pin=R39A-1
Added Pin To Net: NetName=NetC20A_1 Pin=R39A-2
Added Pin To Net: NetName=NetC16B_1 Pin=R39B-1
Added Pin To Net: NetName=NetC20B_1 Pin=R39B-2
Added Pin To Net: NetName=NetC16C_1 Pin=R39C-1
Added Pin To Net: NetName=NetC20C_1 Pin=R39C-2
Added Pin To Net: NetName=NetC17A_1 Pin=R40A-1
Added Pin To Net: NetName=NetC21A_1 Pin=R40A-2
Added Pin To Net: NetName=NetC17B_1 Pin=R40B-1
Added Pin To Net: NetName=NetC21B_1 Pin=R40B-2
Added Pin To Net: NetName=NetC17C_1 Pin=R40C-1
Added Pin To Net: NetName=NetC21C_1 Pin=R40C-2
Added Pin To Net: NetName=NetC18A_1 Pin=R41A-1
Added Pin To Net: NetName=NetC22A_1 Pin=R41A-2
Added Pin To Net: NetName=NetC18B_1 Pin=R41B-1
Added Pin To Net: NetName=NetC22B_1 Pin=R41B-2
Added Pin To Net: NetName=NetC18C_1 Pin=R41C-1
Added Pin To Net: NetName=NetC22C_1 Pin=R41C-2
Added Pin To Net: NetName=NetC19A_1 Pin=R42A-1
Added Pin To Net: NetName=NetC23A_1 Pin=R42A-2
Added Pin To Net: NetName=NetC19B_1 Pin=R42B-1
Added Pin To Net: NetName=NetC23B_1 Pin=R42B-2
Added Pin To Net: NetName=NetC19C_1 Pin=R42C-1
Added Pin To Net: NetName=NetC23C_1 Pin=R42C-2
Added Pin To Net: NetName=NetR43A_1 Pin=R43A-1
Added Pin To Net: NetName=SIN_LOA Pin=R43A-2
Added Pin To Net: NetName=NetR43B_1 Pin=R43B-1
Added Pin To Net: NetName=SIN_LOB Pin=R43B-2
Added Pin To Net: NetName=NetR43C_1 Pin=R43C-1
Added Pin To Net: NetName=SIN_LOC Pin=R43C-2
Added Pin To Net: NetName=NetR44A_1 Pin=R44A-1
Added Pin To Net: NetName=SINA Pin=R44A-2
Added Pin To Net: NetName=NetR44B_1 Pin=R44B-1
Added Pin To Net: NetName=SINB Pin=R44B-2
Added Pin To Net: NetName=NetR44C_1 Pin=R44C-1
Added Pin To Net: NetName=SINC Pin=R44C-2
Added Pin To Net: NetName=NetR45A_1 Pin=R45A-1
Added Pin To Net: NetName=COSA Pin=R45A-2
Added Pin To Net: NetName=NetR45B_1 Pin=R45B-1
Added Pin To Net: NetName=COSB Pin=R45B-2
Added Pin To Net: NetName=NetR45C_1 Pin=R45C-1
Added Pin To Net: NetName=COSC Pin=R45C-2
Added Pin To Net: NetName=NetR46A_1 Pin=R46A-1
Added Pin To Net: NetName=COS_LOA Pin=R46A-2
Added Pin To Net: NetName=NetR46B_1 Pin=R46B-1
Added Pin To Net: NetName=COS_LOB Pin=R46B-2
Added Pin To Net: NetName=NetR46C_1 Pin=R46C-1
Added Pin To Net: NetName=COS_LOC Pin=R46C-2
Added Pin To Net: NetName=NetR9A_2 Pin=U1A-1
Added Pin To Net: NetName=\Resolver_CSA Pin=U1A-2
Added Pin To Net: NetName=NetR6A_2 Pin=U1A-3
Added Pin To Net: NetName=DIG_IO_02 Pin=U1A-4
Added Pin To Net: NetName=GND Pin=U1A-5
Added Pin To Net: NetName=+5V_Resolver Pin=U1A-6
Added Pin To Net: NetName=CLK_INA Pin=U1A-7
Added Pin To Net: NetName=CLK_OUTA Pin=U1A-8
Added Pin To Net: NetName=NetR10A_1 Pin=U1A-9
Added Pin To Net: NetName=DIG_IO_00 Pin=U1A-10
Added Pin To Net: NetName=DIG_IO_08 Pin=U1A-11
Added Pin To Net: NetName=DIG_IO_01 Pin=U1A-12
Added Pin To Net: NetName=DIG_IO_03 Pin=U1A-13
Added Pin To Net: NetName=3V3_PER_fused Pin=U1A-18
Added Pin To Net: NetName=GND Pin=U1A-19
Added Pin To Net: NetName=\Reset_ResolverA Pin=U1A-33
Added Pin To Net: NetName=DIG_IO_05 Pin=U1A-36
Added Pin To Net: NetName=DIG_IO_06 Pin=U1A-37
Added Pin To Net: NetName=EXCA Pin=U1A-38
Added Pin To Net: NetName=N_EXCA Pin=U1A-39
Added Pin To Net: NetName=AGND_RESOLVER Pin=U1A-40
Added Pin To Net: NetName=SINA Pin=U1A-41
Added Pin To Net: NetName=SIN_LOA Pin=U1A-42
Added Pin To Net: NetName=+5V_Resolver Pin=U1A-43
Added Pin To Net: NetName=COS_LOA Pin=U1A-44
Added Pin To Net: NetName=COSA Pin=U1A-45
Added Pin To Net: NetName=NetC5A_2 Pin=U1A-46
Added Pin To Net: NetName=NetR14A_2 Pin=U1A-48
Added Pin To Net: NetName=NetR9B_2 Pin=U1B-1
Added Pin To Net: NetName=\Resolver_CSB Pin=U1B-2
Added Pin To Net: NetName=NetR6B_2 Pin=U1B-3
Added Pin To Net: NetName=DIG_IO_11 Pin=U1B-4
Added Pin To Net: NetName=GND Pin=U1B-5
Added Pin To Net: NetName=+5V_Resolver Pin=U1B-6
Added Pin To Net: NetName=CLK_INB Pin=U1B-7
Added Pin To Net: NetName=CLK_OUTB Pin=U1B-8
Added Pin To Net: NetName=NetR10B_1 Pin=U1B-9
Added Pin To Net: NetName=DIG_IO_09 Pin=U1B-10
Added Pin To Net: NetName=DIG_IO_17 Pin=U1B-11
Added Pin To Net: NetName=DIG_IO_10 Pin=U1B-12
Added Pin To Net: NetName=DIG_IO_12 Pin=U1B-13
Added Pin To Net: NetName=3V3_PER_fused Pin=U1B-18
Added Pin To Net: NetName=GND Pin=U1B-19
Added Pin To Net: NetName=\Reset_ResolverB Pin=U1B-33
Added Pin To Net: NetName=DIG_IO_14 Pin=U1B-36
Added Pin To Net: NetName=DIG_IO_15 Pin=U1B-37
Added Pin To Net: NetName=EXCB Pin=U1B-38
Added Pin To Net: NetName=N_EXCB Pin=U1B-39
Added Pin To Net: NetName=AGND_RESOLVER Pin=U1B-40
Added Pin To Net: NetName=SINB Pin=U1B-41
Added Pin To Net: NetName=SIN_LOB Pin=U1B-42
Added Pin To Net: NetName=+5V_Resolver Pin=U1B-43
Added Pin To Net: NetName=COS_LOB Pin=U1B-44
Added Pin To Net: NetName=COSB Pin=U1B-45
Added Pin To Net: NetName=NetC5B_2 Pin=U1B-46
Added Pin To Net: NetName=NetR14B_2 Pin=U1B-48
Added Pin To Net: NetName=NetR9C_2 Pin=U1C-1
Added Pin To Net: NetName=\Resolver_CSC Pin=U1C-2
Added Pin To Net: NetName=NetR6C_2 Pin=U1C-3
Added Pin To Net: NetName=DIG_IO_20 Pin=U1C-4
Added Pin To Net: NetName=GND Pin=U1C-5
Added Pin To Net: NetName=+5V_Resolver Pin=U1C-6
Added Pin To Net: NetName=CLK_INC Pin=U1C-7
Added Pin To Net: NetName=CLK_OUTC Pin=U1C-8
Added Pin To Net: NetName=NetR10C_1 Pin=U1C-9
Added Pin To Net: NetName=DIG_IO_18 Pin=U1C-10
Added Pin To Net: NetName=DIG_IO_26 Pin=U1C-11
Added Pin To Net: NetName=DIG_IO_19 Pin=U1C-12
Added Pin To Net: NetName=DIG_IO_21 Pin=U1C-13
Added Pin To Net: NetName=3V3_PER_fused Pin=U1C-18
Added Pin To Net: NetName=GND Pin=U1C-19
Added Pin To Net: NetName=\Reset_ResolverC Pin=U1C-33
Added Pin To Net: NetName=DIG_IO_23 Pin=U1C-36
Added Pin To Net: NetName=DIG_IO_24 Pin=U1C-37
Added Pin To Net: NetName=EXCC Pin=U1C-38
Added Pin To Net: NetName=N_EXCC Pin=U1C-39
Added Pin To Net: NetName=AGND_RESOLVER Pin=U1C-40
Added Pin To Net: NetName=SINC Pin=U1C-41
Added Pin To Net: NetName=SIN_LOC Pin=U1C-42
Added Pin To Net: NetName=+5V_Resolver Pin=U1C-43
Added Pin To Net: NetName=COS_LOC Pin=U1C-44
Added Pin To Net: NetName=COSC Pin=U1C-45
Added Pin To Net: NetName=NetC5C_2 Pin=U1C-46
Added Pin To Net: NetName=NetR14C_2 Pin=U1C-48
Added Pin To Net: NetName=GND Pin=U2A-1
Added Pin To Net: NetName=VIN_fused Pin=U2A-2
Added Pin To Net: NetName=GND Pin=U2A-4
Added Pin To Net: NetName=+12V Pin=U2A-5
Added Pin To Net: NetName=GND Pin=U2B-1
Added Pin To Net: NetName=VIN_fused Pin=U2B-2
Added Pin To Net: NetName=GND Pin=U2B-4
Added Pin To Net: NetName=+12V Pin=U2B-5
Added Pin To Net: NetName=GND Pin=U2C-1
Added Pin To Net: NetName=VIN_fused Pin=U2C-2
Added Pin To Net: NetName=GND Pin=U2C-4
Added Pin To Net: NetName=+12V Pin=U2C-5
Added Pin To Net: NetName=NetD1A_3 Pin=U3A-1
Added Pin To Net: NetName=NetC14A_1 Pin=U3A-2
Added Pin To Net: NetName=VREF_Resolver Pin=U3A-3
Added Pin To Net: NetName=GND Pin=U3A-4
Added Pin To Net: NetName=VREF_Resolver Pin=U3A-5
Added Pin To Net: NetName=NetC15A_1 Pin=U3A-6
Added Pin To Net: NetName=NetD2A_3 Pin=U3A-7
Added Pin To Net: NetName=+12V Pin=U3A-8
Added Pin To Net: NetName=NetD1B_3 Pin=U3B-1
Added Pin To Net: NetName=NetC14B_1 Pin=U3B-2
Added Pin To Net: NetName=VREF_Resolver Pin=U3B-3
Added Pin To Net: NetName=GND Pin=U3B-4
Added Pin To Net: NetName=VREF_Resolver Pin=U3B-5
Added Pin To Net: NetName=NetC15B_1 Pin=U3B-6
Added Pin To Net: NetName=NetD2B_3 Pin=U3B-7
Added Pin To Net: NetName=+12V Pin=U3B-8
Added Pin To Net: NetName=NetD1C_3 Pin=U3C-1
Added Pin To Net: NetName=NetC14C_1 Pin=U3C-2
Added Pin To Net: NetName=VREF_Resolver Pin=U3C-3
Added Pin To Net: NetName=GND Pin=U3C-4
Added Pin To Net: NetName=VREF_Resolver Pin=U3C-5
Added Pin To Net: NetName=NetC15C_1 Pin=U3C-6
Added Pin To Net: NetName=NetD2C_3 Pin=U3C-7
Added Pin To Net: NetName=+12V Pin=U3C-8
Added Pin To Net: NetName=NetR44A_1 Pin=U4A-1
Added Pin To Net: NetName=NetR44A_1 Pin=U4A-2
Added Pin To Net: NetName=NetC21A_1 Pin=U4A-3
Added Pin To Net: NetName=+5V_Resolver Pin=U4A-4
Added Pin To Net: NetName=NetC20A_1 Pin=U4A-5
Added Pin To Net: NetName=NetR43A_1 Pin=U4A-6
Added Pin To Net: NetName=NetR43A_1 Pin=U4A-7
Added Pin To Net: NetName=NetR46A_1 Pin=U4A-8
Added Pin To Net: NetName=NetR46A_1 Pin=U4A-9
Added Pin To Net: NetName=NetC23A_1 Pin=U4A-10
Added Pin To Net: NetName=GND Pin=U4A-11
Added Pin To Net: NetName=NetC22A_1 Pin=U4A-12
Added Pin To Net: NetName=NetR45A_1 Pin=U4A-13
Added Pin To Net: NetName=NetR45A_1 Pin=U4A-14
Added Pin To Net: NetName=NetR44B_1 Pin=U4B-1
Added Pin To Net: NetName=NetR44B_1 Pin=U4B-2
Added Pin To Net: NetName=NetC21B_1 Pin=U4B-3
Added Pin To Net: NetName=+5V_Resolver Pin=U4B-4
Added Pin To Net: NetName=NetC20B_1 Pin=U4B-5
Added Pin To Net: NetName=NetR43B_1 Pin=U4B-6
Added Pin To Net: NetName=NetR43B_1 Pin=U4B-7
Added Pin To Net: NetName=NetR46B_1 Pin=U4B-8
Added Pin To Net: NetName=NetR46B_1 Pin=U4B-9
Added Pin To Net: NetName=NetC23B_1 Pin=U4B-10
Added Pin To Net: NetName=GND Pin=U4B-11
Added Pin To Net: NetName=NetC22B_1 Pin=U4B-12
Added Pin To Net: NetName=NetR45B_1 Pin=U4B-13
Added Pin To Net: NetName=NetR45B_1 Pin=U4B-14
Added Pin To Net: NetName=NetR44C_1 Pin=U4C-1
Added Pin To Net: NetName=NetR44C_1 Pin=U4C-2
Added Pin To Net: NetName=NetC21C_1 Pin=U4C-3
Added Pin To Net: NetName=+5V_Resolver Pin=U4C-4
Added Pin To Net: NetName=NetC20C_1 Pin=U4C-5
Added Pin To Net: NetName=NetR43C_1 Pin=U4C-6
Added Pin To Net: NetName=NetR43C_1 Pin=U4C-7
Added Pin To Net: NetName=NetR46C_1 Pin=U4C-8
Added Pin To Net: NetName=NetR46C_1 Pin=U4C-9
Added Pin To Net: NetName=NetC23C_1 Pin=U4C-10
Added Pin To Net: NetName=GND Pin=U4C-11
Added Pin To Net: NetName=NetC22C_1 Pin=U4C-12
Added Pin To Net: NetName=NetR45C_1 Pin=U4C-13
Added Pin To Net: NetName=NetR45C_1 Pin=U4C-14
Added Pin To Net: NetName=NetC16A_1 Pin=X3A-1
Added Pin To Net: NetName=NetC17A_1 Pin=X3A-2
Added Pin To Net: NetName=NetC18A_1 Pin=X3A-3
Added Pin To Net: NetName=NetC19A_1 Pin=X3A-4
Added Pin To Net: NetName=NetC14A_2 Pin=X3A-5
Added Pin To Net: NetName=NetC15A_2 Pin=X3A-6
Added Pin To Net: NetName=NetC16B_1 Pin=X3B-1
Added Pin To Net: NetName=NetC17B_1 Pin=X3B-2
Added Pin To Net: NetName=NetC18B_1 Pin=X3B-3
Added Pin To Net: NetName=NetC19B_1 Pin=X3B-4
Added Pin To Net: NetName=NetC14B_2 Pin=X3B-5
Added Pin To Net: NetName=NetC15B_2 Pin=X3B-6
Added Pin To Net: NetName=NetC16C_1 Pin=X3C-1
Added Pin To Net: NetName=NetC17C_1 Pin=X3C-2
Added Pin To Net: NetName=NetC18C_1 Pin=X3C-3
Added Pin To Net: NetName=NetC19C_1 Pin=X3C-4
Added Pin To Net: NetName=NetC14C_2 Pin=X3C-5
Added Pin To Net: NetName=NetC15C_2 Pin=X3C-6
Added Pin To Net: NetName=CLK_INA Pin=XT1A-1
Added Pin To Net: NetName=GND Pin=XT1A-2
Added Pin To Net: NetName=CLK_OUTA Pin=XT1A-3
Added Pin To Net: NetName=GND Pin=XT1A-4
Added Pin To Net: NetName=CLK_INB Pin=XT1B-1
Added Pin To Net: NetName=GND Pin=XT1B-2
Added Pin To Net: NetName=CLK_OUTB Pin=XT1B-3
Added Pin To Net: NetName=GND Pin=XT1B-4
Added Pin To Net: NetName=CLK_INC Pin=XT1C-1
Added Pin To Net: NetName=GND Pin=XT1C-2
Added Pin To Net: NetName=CLK_OUTC Pin=XT1C-3
Added Pin To Net: NetName=GND Pin=XT1C-4
Added Member To Class: ClassName=U_ResolverA Member=Component BS1A (BS1) HI1206T500R-10
Added Member To Class: ClassName=U_ResolverB Member=Component BS1B (BS1) HI1206T500R-10
Added Member To Class: ClassName=U_ResolverC Member=Component BS1C (BS1) HI1206T500R-10
Added Member To Class: ClassName=U_ResolverA Member=Component BS2A (BS2) HI1206T500R-10
Added Member To Class: ClassName=U_ResolverB Member=Component BS2B (BS2) HI1206T500R-10
Added Member To Class: ClassName=U_ResolverC Member=Component BS2C (BS2) HI1206T500R-10
Added Member To Class: ClassName=U_ResolverA Member=Component C1A (C1) 4.7uF
Added Member To Class: ClassName=U_ResolverB Member=Component C1B (C1) 4.7uF
Added Member To Class: ClassName=U_ResolverC Member=Component C1C (C1) 4.7uF
Added Member To Class: ClassName=U_ResolverA Member=Component C2A (C2) 10nF
Added Member To Class: ClassName=U_ResolverB Member=Component C2B (C2) 10nF
Added Member To Class: ClassName=U_ResolverC Member=Component C2C (C2) 10nF
Added Member To Class: ClassName=U_ResolverA Member=Component C3A (C3) 20pF
Added Member To Class: ClassName=U_ResolverB Member=Component C3B (C3) 20pF
Added Member To Class: ClassName=U_ResolverC Member=Component C3C (C3) 20pF
Added Member To Class: ClassName=U_ResolverA Member=Component C4A (C4) 20pF
Added Member To Class: ClassName=U_ResolverB Member=Component C4B (C4) 20pF
Added Member To Class: ClassName=U_ResolverC Member=Component C4C (C4) 20pF
Added Member To Class: ClassName=U_ResolverA Member=Component C5A (C5) 10uF
Added Member To Class: ClassName=U_ResolverB Member=Component C5B (C5) 10uF
Added Member To Class: ClassName=U_ResolverC Member=Component C5C (C5) 10uF
Added Member To Class: ClassName=U_ResolverA Member=Component C6A (C6) 10nF
Added Member To Class: ClassName=U_ResolverB Member=Component C6B (C6) 10nF
Added Member To Class: ClassName=U_ResolverC Member=Component C6C (C6) 10nF
Added Member To Class: ClassName=U_ResolverA Member=Component C7A (C7) 10nF
Added Member To Class: ClassName=U_ResolverB Member=Component C7B (C7) 10nF
Added Member To Class: ClassName=U_ResolverC Member=Component C7C (C7) 10nF
Added Member To Class: ClassName=U_ResolverA Member=Component C8A (C8) 10nF
Added Member To Class: ClassName=U_ResolverB Member=Component C8B (C8) 10nF
Added Member To Class: ClassName=U_ResolverC Member=Component C8C (C8) 10nF
Added Member To Class: ClassName=U_ResolverA Member=Component C9A (C9) 4.7uF
Added Member To Class: ClassName=U_ResolverB Member=Component C9B (C9) 4.7uF
Added Member To Class: ClassName=U_ResolverC Member=Component C9C (C9) 4.7uF
Added Member To Class: ClassName=U_ResolverA Member=Component C10A (C10) 4.7uF
Added Member To Class: ClassName=U_ResolverB Member=Component C10B (C10) 4.7uF
Added Member To Class: ClassName=U_ResolverC Member=Component C10C (C10) 4.7uF
Added Member To Class: ClassName=Buffer_EXCA Member=Component C11A (C11) 1uF
Added Member To Class: ClassName=Buffer_EXCB Member=Component C11B (C11) 1uF
Added Member To Class: ClassName=Buffer_EXCC Member=Component C11C (C11) 1uF
Added Member To Class: ClassName=Buffer_EXCA Member=Component C12A (C12) 100nF
Added Member To Class: ClassName=Buffer_EXCB Member=Component C12B (C12) 100nF
Added Member To Class: ClassName=Buffer_EXCC Member=Component C12C (C12) 100nF
Added Member To Class: ClassName=Buffer_EXCA Member=Component C13A (C13) 2.2uF
Added Member To Class: ClassName=Buffer_EXCB Member=Component C13B (C13) 2.2uF
Added Member To Class: ClassName=Buffer_EXCC Member=Component C13C (C13) 2.2uF
Added Member To Class: ClassName=Buffer_EXCA Member=Component C14A (C14) 120pF
Added Member To Class: ClassName=Buffer_EXCB Member=Component C14B (C14) 120pF
Added Member To Class: ClassName=Buffer_EXCC Member=Component C14C (C14) 120pF
Added Member To Class: ClassName=Buffer_EXCA Member=Component C15A (C15) 120pF
Added Member To Class: ClassName=Buffer_EXCB Member=Component C15B (C15) 120pF
Added Member To Class: ClassName=Buffer_EXCC Member=Component C15C (C15) 120pF
Added Member To Class: ClassName=Impedance ConverterA Member=Component C16A (C16) 100pF
Added Member To Class: ClassName=Impedance ConverterB Member=Component C16B (C16) 100pF
Added Member To Class: ClassName=Impedance ConverterC Member=Component C16C (C16) 100pF
Added Member To Class: ClassName=Impedance ConverterA Member=Component C17A (C17) 100pF
Added Member To Class: ClassName=Impedance ConverterB Member=Component C17B (C17) 100pF
Added Member To Class: ClassName=Impedance ConverterC Member=Component C17C (C17) 100pF
Added Member To Class: ClassName=Impedance ConverterA Member=Component C18A (C18) 100pF
Added Member To Class: ClassName=Impedance ConverterB Member=Component C18B (C18) 100pF
Added Member To Class: ClassName=Impedance ConverterC Member=Component C18C (C18) 100pF
Added Member To Class: ClassName=Impedance ConverterA Member=Component C19A (C19) 100pF
Added Member To Class: ClassName=Impedance ConverterB Member=Component C19B (C19) 100pF
Added Member To Class: ClassName=Impedance ConverterC Member=Component C19C (C19) 100pF
Added Member To Class: ClassName=Impedance ConverterA Member=Component C20A (C20) 1nF
Added Member To Class: ClassName=Impedance ConverterB Member=Component C20B (C20) 1nF
Added Member To Class: ClassName=Impedance ConverterC Member=Component C20C (C20) 1nF
Added Member To Class: ClassName=Impedance ConverterA Member=Component C21A (C21) 1nF
Added Member To Class: ClassName=Impedance ConverterB Member=Component C21B (C21) 1nF
Added Member To Class: ClassName=Impedance ConverterC Member=Component C21C (C21) 1nF
Added Member To Class: ClassName=Impedance ConverterA Member=Component C22A (C22) 1nF
Added Member To Class: ClassName=Impedance ConverterB Member=Component C22B (C22) 1nF
Added Member To Class: ClassName=Impedance ConverterC Member=Component C22C (C22) 1nF
Added Member To Class: ClassName=Impedance ConverterA Member=Component C23A (C23) 1nF
Added Member To Class: ClassName=Impedance ConverterB Member=Component C23B (C23) 1nF
Added Member To Class: ClassName=Impedance ConverterC Member=Component C23C (C23) 1nF
Added Member To Class: ClassName=Impedance ConverterA Member=Component C24A (C24) 100nF
Added Member To Class: ClassName=Impedance ConverterB Member=Component C24B (C24) 100nF
Added Member To Class: ClassName=Impedance ConverterC Member=Component C24C (C24) 100nF
Added Member To Class: ClassName=Impedance ConverterA Member=Component C25A (C25) 1nF
Added Member To Class: ClassName=Impedance ConverterB Member=Component C25B (C25) 1nF
Added Member To Class: ClassName=Impedance ConverterC Member=Component C25C (C25) 1nF
Added Member To Class: ClassName=Impedance ConverterA Member=Component C26A (C26) 1nF
Added Member To Class: ClassName=Impedance ConverterB Member=Component C26B (C26) 1nF
Added Member To Class: ClassName=Impedance ConverterC Member=Component C26C (C26) 1nF
Added Member To Class: ClassName=Impedance ConverterA Member=Component C27A (C27) 1nF
Added Member To Class: ClassName=Impedance ConverterB Member=Component C27B (C27) 1nF
Added Member To Class: ClassName=Impedance ConverterC Member=Component C27C (C27) 1nF
Added Member To Class: ClassName=Impedance ConverterA Member=Component C28A (C28) 1nF
Added Member To Class: ClassName=Impedance ConverterB Member=Component C28B (C28) 1nF
Added Member To Class: ClassName=Impedance ConverterC Member=Component C28C (C28) 1nF
Added Member To Class: ClassName=Buffer_EXCA Member=Component D1A (D1) BAV99,235
Added Member To Class: ClassName=Buffer_EXCB Member=Component D1B (D1) BAV99,235
Added Member To Class: ClassName=Buffer_EXCC Member=Component D1C (D1) BAV99,235
Added Member To Class: ClassName=Buffer_EXCA Member=Component D2A (D2) BAV99,235
Added Member To Class: ClassName=Buffer_EXCB Member=Component D2B (D2) BAV99,235
Added Member To Class: ClassName=Buffer_EXCC Member=Component D2C (D2) BAV99,235
Added Member To Class: ClassName=Impedance ConverterA Member=Component D3A (D3) SBAS70-04LT1G
Added Member To Class: ClassName=Impedance ConverterB Member=Component D3B (D3) SBAS70-04LT1G
Added Member To Class: ClassName=Impedance ConverterC Member=Component D3C (D3) SBAS70-04LT1G
Added Member To Class: ClassName=Impedance ConverterA Member=Component D4A (D4) SBAS70-04LT1G
Added Member To Class: ClassName=Impedance ConverterB Member=Component D4B (D4) SBAS70-04LT1G
Added Member To Class: ClassName=Impedance ConverterC Member=Component D4C (D4) SBAS70-04LT1G
Added Member To Class: ClassName=Impedance ConverterA Member=Component D5A (D5) SBAS70-04LT1G
Added Member To Class: ClassName=Impedance ConverterB Member=Component D5B (D5) SBAS70-04LT1G
Added Member To Class: ClassName=Impedance ConverterC Member=Component D5C (D5) SBAS70-04LT1G
Added Member To Class: ClassName=Impedance ConverterA Member=Component D6A (D6) SBAS70-04LT1G
Added Member To Class: ClassName=Impedance ConverterB Member=Component D6B (D6) SBAS70-04LT1G
Added Member To Class: ClassName=Impedance ConverterC Member=Component D6C (D6) SBAS70-04LT1G
Add Class Member: Failed to add class member : Component LED1 150060BS75000
Add Class Member: Failed to add class member : Component LED2 150060RS75000
Add Class Member: Failed to add class member : Component LED3 150060GS75000
Added Member To Class: ClassName=Buffer_EXCA Member=Component Q1A (Q1) BC846BLT3G
Added Member To Class: ClassName=Buffer_EXCB Member=Component Q1B (Q1) BC846BLT3G
Added Member To Class: ClassName=Buffer_EXCC Member=Component Q1C (Q1) BC846BLT3G
Added Member To Class: ClassName=Buffer_EXCA Member=Component Q2A (Q2) BC856B,215
Added Member To Class: ClassName=Buffer_EXCB Member=Component Q2B (Q2) BC856B,215
Added Member To Class: ClassName=Buffer_EXCC Member=Component Q2C (Q2) BC856B,215
Added Member To Class: ClassName=Buffer_EXCA Member=Component Q3A (Q3) BC846BLT3G
Added Member To Class: ClassName=Buffer_EXCB Member=Component Q3B (Q3) BC846BLT3G
Added Member To Class: ClassName=Buffer_EXCC Member=Component Q3C (Q3) BC846BLT3G
Added Member To Class: ClassName=Buffer_EXCA Member=Component Q4A (Q4) BC856B,215
Added Member To Class: ClassName=Buffer_EXCB Member=Component Q4B (Q4) BC856B,215
Added Member To Class: ClassName=Buffer_EXCC Member=Component Q4C (Q4) BC856B,215
Added Member To Class: ClassName=X1 Member=Component R3 24.9k
Added Member To Class: ClassName=X1 Member=Component R4 3.01k
Added Member To Class: ClassName=X1 Member=Component R5 1.3k
Added Member To Class: ClassName=U_ResolverA Member=Component R6A (R6) 10k
Added Member To Class: ClassName=U_ResolverB Member=Component R6B (R6) 10k
Added Member To Class: ClassName=U_ResolverC Member=Component R6C (R6) 10k
Added Member To Class: ClassName=U_ResolverA Member=Component R7A (R7) 10k
Added Member To Class: ClassName=U_ResolverB Member=Component R7B (R7) 10k
Added Member To Class: ClassName=U_ResolverC Member=Component R7C (R7) 10k
Added Member To Class: ClassName=U_ResolverA Member=Component R8A (R8) 15k
Added Member To Class: ClassName=U_ResolverB Member=Component R8B (R8) 15k
Added Member To Class: ClassName=U_ResolverC Member=Component R8C (R8) 15k
Added Member To Class: ClassName=U_ResolverA Member=Component R9A (R9) 10k
Added Member To Class: ClassName=U_ResolverB Member=Component R9B (R9) 10k
Added Member To Class: ClassName=U_ResolverC Member=Component R9C (R9) 10k
Added Member To Class: ClassName=U_ResolverA Member=Component R10A (R10) 10k
Added Member To Class: ClassName=U_ResolverB Member=Component R10B (R10) 10k
Added Member To Class: ClassName=U_ResolverC Member=Component R10C (R10) 10k
Added Member To Class: ClassName=U_ResolverA Member=Component R11A (R11) 10k
Added Member To Class: ClassName=U_ResolverB Member=Component R11B (R11) 10k
Added Member To Class: ClassName=U_ResolverC Member=Component R11C (R11) 10k
Added Member To Class: ClassName=U_ResolverA Member=Component R12A (R12) 10k
Added Member To Class: ClassName=U_ResolverB Member=Component R12B (R12) 10k
Added Member To Class: ClassName=U_ResolverC Member=Component R12C (R12) 10k
Added Member To Class: ClassName=U_ResolverA Member=Component R13A (R13) 15k
Added Member To Class: ClassName=U_ResolverB Member=Component R13B (R13) 15k
Added Member To Class: ClassName=U_ResolverC Member=Component R13C (R13) 15k
Added Member To Class: ClassName=U_ResolverA Member=Component R14A (R14) 10k
Added Member To Class: ClassName=U_ResolverB Member=Component R14B (R14) 10k
Added Member To Class: ClassName=U_ResolverC Member=Component R14C (R14) 10k
Added Member To Class: ClassName=U_ResolverA Member=Component R15A (R15) 10k
Added Member To Class: ClassName=U_ResolverB Member=Component R15B (R15) 10k
Added Member To Class: ClassName=U_ResolverC Member=Component R15C (R15) 10k
Added Member To Class: ClassName=U_ResolverA Member=Component R16A (R16) 10k
Added Member To Class: ClassName=U_ResolverB Member=Component R16B (R16) 10k
Added Member To Class: ClassName=U_ResolverC Member=Component R16C (R16) 10k
Added Member To Class: ClassName=U_ResolverA Member=Component R17A (R17) 10k
Added Member To Class: ClassName=U_ResolverB Member=Component R17B (R17) 10k
Added Member To Class: ClassName=U_ResolverC Member=Component R17C (R17) 10k
Added Member To Class: ClassName=U_ResolverA Member=Component R18A (R18) 10k
Added Member To Class: ClassName=U_ResolverB Member=Component R18B (R18) 10k
Added Member To Class: ClassName=U_ResolverC Member=Component R18C (R18) 10k
Added Member To Class: ClassName=U_ResolverA Member=Component R19A (R19) 10k
Added Member To Class: ClassName=U_ResolverB Member=Component R19B (R19) 10k
Added Member To Class: ClassName=U_ResolverC Member=Component R19C (R19) 10k
Added Member To Class: ClassName=U_ResolverA Member=Component R20A (R20) 7.5k
Added Member To Class: ClassName=U_ResolverB Member=Component R20B (R20) 7.5k
Added Member To Class: ClassName=U_ResolverC Member=Component R20C (R20) 7.5k
Added Member To Class: ClassName=Buffer_EXCA Member=Component R21A (R21) 22k
Added Member To Class: ClassName=Buffer_EXCB Member=Component R21B (R21) 22k
Added Member To Class: ClassName=Buffer_EXCC Member=Component R21C (R21) 22k
Added Member To Class: ClassName=Buffer_EXCA Member=Component R22A (R22) 10k
Added Member To Class: ClassName=Buffer_EXCB Member=Component R22B (R22) 10k
Added Member To Class: ClassName=Buffer_EXCC Member=Component R22C (R22) 10k
Added Member To Class: ClassName=Buffer_EXCA Member=Component R23A (R23) 10k
Added Member To Class: ClassName=Buffer_EXCB Member=Component R23B (R23) 10k
Added Member To Class: ClassName=Buffer_EXCC Member=Component R23C (R23) 10k
Added Member To Class: ClassName=Buffer_EXCA Member=Component R24A (R24) 10k
Added Member To Class: ClassName=Buffer_EXCB Member=Component R24B (R24) 10k
Added Member To Class: ClassName=Buffer_EXCC Member=Component R24C (R24) 10k
Added Member To Class: ClassName=Buffer_EXCA Member=Component R25A (R25) 15.4k
Added Member To Class: ClassName=Buffer_EXCB Member=Component R25B (R25) 15.4k
Added Member To Class: ClassName=Buffer_EXCC Member=Component R25C (R25) 15.4k
Added Member To Class: ClassName=Buffer_EXCA Member=Component R26A (R26) 15.4k
Added Member To Class: ClassName=Buffer_EXCB Member=Component R26B (R26) 15.4k
Added Member To Class: ClassName=Buffer_EXCC Member=Component R26C (R26) 15.4k
Added Member To Class: ClassName=Buffer_EXCA Member=Component R27A (R27) 2.2k
Added Member To Class: ClassName=Buffer_EXCB Member=Component R27B (R27) 2.2k
Added Member To Class: ClassName=Buffer_EXCC Member=Component R27C (R27) 2.2k
Added Member To Class: ClassName=Buffer_EXCA Member=Component R28A (R28) 3.3
Added Member To Class: ClassName=Buffer_EXCB Member=Component R28B (R28) 3.3
Added Member To Class: ClassName=Buffer_EXCC Member=Component R28C (R28) 3.3
Added Member To Class: ClassName=Buffer_EXCA Member=Component R29A (R29) 3.3
Added Member To Class: ClassName=Buffer_EXCB Member=Component R29B (R29) 3.3
Added Member To Class: ClassName=Buffer_EXCC Member=Component R29C (R29) 3.3
Added Member To Class: ClassName=Buffer_EXCA Member=Component R30A (R30) 2.2k
Added Member To Class: ClassName=Buffer_EXCB Member=Component R30B (R30) 2.2k
Added Member To Class: ClassName=Buffer_EXCC Member=Component R30C (R30) 2.2k
Added Member To Class: ClassName=Buffer_EXCA Member=Component R31A (R31) 2.2k
Added Member To Class: ClassName=Buffer_EXCB Member=Component R31B (R31) 2.2k
Added Member To Class: ClassName=Buffer_EXCC Member=Component R31C (R31) 2.2k
Added Member To Class: ClassName=Buffer_EXCA Member=Component R32A (R32) 3.3
Added Member To Class: ClassName=Buffer_EXCB Member=Component R32B (R32) 3.3
Added Member To Class: ClassName=Buffer_EXCC Member=Component R32C (R32) 3.3
Added Member To Class: ClassName=Buffer_EXCA Member=Component R33A (R33) 3.3
Added Member To Class: ClassName=Buffer_EXCB Member=Component R33B (R33) 3.3
Added Member To Class: ClassName=Buffer_EXCC Member=Component R33C (R33) 3.3
Added Member To Class: ClassName=Buffer_EXCA Member=Component R34A (R34) 2.2k
Added Member To Class: ClassName=Buffer_EXCB Member=Component R34B (R34) 2.2k
Added Member To Class: ClassName=Buffer_EXCC Member=Component R34C (R34) 2.2k
Added Member To Class: ClassName=Buffer_EXCA Member=Component R35A (R35) 4.7
Added Member To Class: ClassName=Buffer_EXCB Member=Component R35B (R35) 4.7
Added Member To Class: ClassName=Buffer_EXCC Member=Component R35C (R35) 4.7
Added Member To Class: ClassName=Buffer_EXCA Member=Component R36A (R36) 4.7
Added Member To Class: ClassName=Buffer_EXCB Member=Component R36B (R36) 4.7
Added Member To Class: ClassName=Buffer_EXCC Member=Component R36C (R36) 4.7
Added Member To Class: ClassName=Buffer_EXCA Member=Component R37A (R37) 4.7
Added Member To Class: ClassName=Buffer_EXCB Member=Component R37B (R37) 4.7
Added Member To Class: ClassName=Buffer_EXCC Member=Component R37C (R37) 4.7
Added Member To Class: ClassName=Buffer_EXCA Member=Component R38A (R38) 4.7
Added Member To Class: ClassName=Buffer_EXCB Member=Component R38B (R38) 4.7
Added Member To Class: ClassName=Buffer_EXCC Member=Component R38C (R38) 4.7
Added Member To Class: ClassName=Impedance ConverterA Member=Component R39A (R39) 100
Added Member To Class: ClassName=Impedance ConverterB Member=Component R39B (R39) 100
Added Member To Class: ClassName=Impedance ConverterC Member=Component R39C (R39) 100
Added Member To Class: ClassName=Impedance ConverterA Member=Component R40A (R40) 100
Added Member To Class: ClassName=Impedance ConverterB Member=Component R40B (R40) 100
Added Member To Class: ClassName=Impedance ConverterC Member=Component R40C (R40) 100
Added Member To Class: ClassName=Impedance ConverterA Member=Component R41A (R41) 100
Added Member To Class: ClassName=Impedance ConverterB Member=Component R41B (R41) 100
Added Member To Class: ClassName=Impedance ConverterC Member=Component R41C (R41) 100
Added Member To Class: ClassName=Impedance ConverterA Member=Component R42A (R42) 100
Added Member To Class: ClassName=Impedance ConverterB Member=Component R42B (R42) 100
Added Member To Class: ClassName=Impedance ConverterC Member=Component R42C (R42) 100
Added Member To Class: ClassName=Impedance ConverterA Member=Component R43A (R43) 4.7k
Added Member To Class: ClassName=Impedance ConverterB Member=Component R43B (R43) 4.7k
Added Member To Class: ClassName=Impedance ConverterC Member=Component R43C (R43) 4.7k
Added Member To Class: ClassName=Impedance ConverterA Member=Component R44A (R44) 4.7k
Added Member To Class: ClassName=Impedance ConverterB Member=Component R44B (R44) 4.7k
Added Member To Class: ClassName=Impedance ConverterC Member=Component R44C (R44) 4.7k
Added Member To Class: ClassName=Impedance ConverterA Member=Component R45A (R45) 4.7k
Added Member To Class: ClassName=Impedance ConverterB Member=Component R45B (R45) 4.7k
Added Member To Class: ClassName=Impedance ConverterC Member=Component R45C (R45) 4.7k
Added Member To Class: ClassName=Impedance ConverterA Member=Component R46A (R46) 4.7k
Added Member To Class: ClassName=Impedance ConverterB Member=Component R46B (R46) 4.7k
Added Member To Class: ClassName=Impedance ConverterC Member=Component R46C (R46) 4.7k
Added Member To Class: ClassName=U_ResolverA Member=Component U1A (U1) AD2S1210
Added Member To Class: ClassName=U_ResolverB Member=Component U1B (U1) AD2S1210
Added Member To Class: ClassName=U_ResolverC Member=Component U1C (U1) AD2S1210
Added Member To Class: ClassName=Buffer_EXCA Member=Component U2A (U2) PDS1-S24-S12-M-TR
Added Member To Class: ClassName=Buffer_EXCB Member=Component U2B (U2) PDS1-S24-S12-M-TR
Added Member To Class: ClassName=Buffer_EXCC Member=Component U2C (U2) PDS1-S24-S12-M-TR
Added Member To Class: ClassName=Buffer_EXCA Member=Component U3A (U3A) AD8662ARZ
Added Member To Class: ClassName=Buffer_EXCB Member=Component U3B (U3A) AD8662ARZ
Added Member To Class: ClassName=Buffer_EXCC Member=Component U3C (U3A) AD8662ARZ
Added Member To Class: ClassName=Impedance ConverterA Member=Component U4A (U4A) LT1639HS#PBF
Added Member To Class: ClassName=Impedance ConverterB Member=Component U4B (U4A) LT1639HS#PBF
Added Member To Class: ClassName=Impedance ConverterC Member=Component U4C (U4A) LT1639HS#PBF
Added Member To Class: ClassName=U_ResolverA Member=Component X3A (X3) IPL1-103-01-L-D-RA-K
Added Member To Class: ClassName=U_ResolverB Member=Component X3B (X3) IPL1-103-01-L-D-RA-K
Added Member To Class: ClassName=U_ResolverC Member=Component X3C (X3) IPL1-103-01-L-D-RA-K
Added Member To Class: ClassName=U_ResolverA Member=Component XT1A (XT1) ECS-80-18-30B-AGN-TR
Added Member To Class: ClassName=U_ResolverB Member=Component XT1B (XT1) ECS-80-18-30B-AGN-TR
Added Member To Class: ClassName=U_ResolverC Member=Component XT1C (XT1) ECS-80-18-30B-AGN-TR
